id,first_name,last_name,email,country,ip_address,longitude,latitude,age,score
1,Sandra,Sims,ssims0@microsoft.com,Armenia,63.84.115.63,44.43054,40.14493,44,0.62
2,Anna,Bishop,abishop1@mtv.com,China,204.108.246.11,118.29169,29.67594,90,0.22
3,Virginia,Rodriguez,vrodriguez2@so-net.ne.jp,Portugal,88.65.157.43,-8.6333,41.4,39,0.33
4,Julia,Stanley,jstanley3@abc.net.au,China,76.197.170.103,102.19379,38.50062,,0.64
5,Jacqueline,Gutierrez,jgutierrez4@shinystat.com,Poland,159.13.71.38,18.54003,54.17062,14,0.5
6,Nicole,Little,nlittle5@latimes.com,Panama,235.246.1.116,-78.13774,8.40693,10,0.3
7,Terry,Fox,tfox6@squarespace.com,Iran,81.219.197.208,55.49164,37.38071,89,0.33
8,Jeremy,Parker,jparker7@gnu.org,China,17.207.110.163,110.71266,22.01041,60,0.55
9,Kenneth,Walker,kwalker8@nba.com,Slovenia,117.248.31.17,13.97028,45.68472,no disponible,0.5
10,Willie,Brown,wbrown9@boston.com,Ethiopia,253.51.12.171,42.8,9.35,17,0.41
11,Sara,Tucker,stuckera@vistaprint.com,Portugal,226.214.252.133,-7.8333,40.7333,95,0.49
12,Amy,Bailey,abaileyb@bravesites.com,Finland,38.114.255.79,25.98333,63.68333,43,0.51
13,Shawn,Little,slittlec@statcounter.com,Serbia,149.133.192.170,20.46152,44.02603,14,0.43
14,Judy,Flores,jfloresd@taobao.com,Brazil,181.178.141.19,-45.1925,-22.81639,69,0.54
15,Christine,Medina,cmedinae@wiley.com,Indonesia,33.173.54.6,108.1738,-7.224,98,0.22
16,Carl,Jackson,cjacksonf@unesco.org,Tanzania,244.57.237.100,31.65444,-1.83972,13,0.36
17,Paul,Baker,pbakerg@biblegateway.com,China,87.101.255.0,106.64283,32.33222,18,0.45
18,Jane,Weaver,jweaverh@google.co.jp,Syria,144.130.63.82,42.14006,37.17701,98,0.66
19,Jimmy,Robertson,jrobertsoni@thetimes.co.uk,Tajikistan,184.90.118.60,68.44668,37.56702,55,0.6
20,Victor,Smith,vsmithj@miibeian.gov.cn,Philippines,13.149.195.125,123.82897,9.62966,72,0.26
21,Adam,Russell,arussellk@smh.com.au,Honduras,65.144.64.88,-87.88333,15.15,74,0.5
22,Henry,Johnson,hjohnsonl@technorati.com,Ireland,17.12.99.203,-8.23194,55.05028,23,0.38
23,Karen,Robinson,krobinsonm@sun.com,Kazakhstan,135.82.97.7,72.76098,42.94196,89,0.55
24,Paula,Adams,padamsn@topsy.com,Greece,184.97.151.123,21.46085,40.80257,62,0.45
25,Gloria,Peterson,gpetersono@discovery.com,Philippines,42.171.145.221,124.95528,7.51389,88,0.54
26,Russell,Sullivan,rsullivanp@ftc.gov,Poland,224.73.232.186,20.07666,51.77947,84,0.51
27,Lisa,Hall,lhallq@a8.net,Spain,237.196.171.44,-1.6432,42.8169,69,0.51
28,Kelly,Fisher,kfisherr@walmart.com,China,34.240.77.16,110.32111,29.06694,28,0.42
29,Linda,Shaw,lshaws@cbsnews.com,Brazil,222.64.21.154,-45.0825,-2.52139,88,0.57
30,Bobby,Daniels,bdanielst@deviantart.com,Brazil,212.160.48.230,-67.80222,-2.87306,80,0.49
31,Arthur,Fowler,afowleru@dyndns.org,Greece,227.136.252.132,22.16166,40.81373,35,0.58
32,Stephen,Bailey,sbaileyv@livejournal.com,Indonesia,233.14.91.140,105.3752,-5.14095,99,0.46
33,Sarah,Gibson,sgibsonw@dagondesign.com,China,148.216.71.244,110.50946,29.29306,89,0.5
34,Gerald,Simpson,gsimpsonx@google.it,Chile,133.49.122.72,-72.95564,-40.33494,57,0.6
35,Helen,Hall,hhally@webmd.com,China,144.238.150.130,80.48444,40.45056,15,0.69
36,Helen,Ramos,hramosz@cdc.gov,Indonesia,194.171.117.126,108.1897,-7.3231,90,0.53
37,Denise,Gonzalez,dgonzalez10@privacy.gov.au,Indonesia,160.81.108.181,113.50247,-7.18495,94,0.41
38,Louise,Bradley,lbradley11@wp.com,Canada,238.43.113.147,-73.79919,45.25008,21,0.61
39,Jane,Mcdonald,jmcdonald12@bloglines.com,Poland,13.147.166.86,19.98207,49.84252,32,0.63
40,Virginia,Martinez,vmartinez13@eepurl.com,Brazil,135.232.37.222,-40.71083,-4.32222,10,0.55
41,Dorothy,Hansen,dhansen14@shop-pro.jp,Indonesia,128.19.16.8,113.5388,-8.2727,16,0.5
42,Julia,Johnson,jjohnson15@elegantthemes.com,South Africa,19.78.9.177,27.24208,-25.66756,98,0.56
43,Irene,Tucker,itucker16@wsj.com,Ukraine,124.39.14.68,33.91618,48.43661,35,0.6
44,Samuel,Stevens,sstevens17@umich.edu,Cuba,85.246.150.229,-82.4017,23.0072,47,0.65
45,Harry,Murray,hmurray18@imdb.com,South Korea,136.182.239.5,126.87533,37.84902,87,0.55
46,Kathleen,Moreno,kmoreno19@cbslocal.com,Finland,205.195.247.214,26.53333,65.91667,63,0.46
47,Samuel,Bailey,sbailey1a@elpais.com,Greece,246.19.136.114,24.1,38.63333,88,0.42
48,Ernest,Lynch,elynch1b@woothemes.com,Sweden,112.63.139.113,18.7153,63.2909,38,0.58
49,Jessica,Henderson,jhenderson1c@soup.io,Japan,63.48.111.71,141.51694,43.21694,76,0.49
50,Samuel,Thomas,sthomas1d@fc2.com,Philippines,119.146.42.219,122.9762,13.768,54,0.46
51,Thomas,Perry,tperry1e@tripadvisor.com,Argentina,11.167.227.119,-67.4974,-29.16195,34,0.63
52,Amanda,Fernandez,afernandez1f@redcross.org,Russia,85.163.164.224,41.34173,56.70199,50,0.48
53,Kathleen,Walker,kwalker1g@guardian.co.uk,Indonesia,202.181.199.247,112.63594,-8.17529,82,0.44
54,Joseph,Dixon,jdixon1h@wikispaces.com,China,129.215.132.253,83.3098,45.82673,90,0.48
55,Bobby,Oliver,boliver1i@fc2.com,Slovenia,101.38.8.105,15.04861,46.38,10,0.3
56,Nicholas,Harper,nharper1j@amazonaws.com,Philippines,183.114.30.36,123.16667,9.56667,89,0.52
57,Stephanie,Coleman,scoleman1k@bluehost.com,China,180.178.226.144,119.83083,33.99972,78,0.4
58,Anne,Olson,aolson1l@google.ru,Latvia,204.139.163.200,24.03613,57.04315,10,0.62
59,Beverly,Perkins,bperkins1m@mashable.com,China,205.51.73.116,129.57977,44.58799,88,0.45
60,Peter,Williamson,pwilliamson1n@dedecms.com,Tanzania,32.121.224.251,40.18333,-10.26667,62,0.33
61,Susan,Jones,sjones1o@sciencedaily.com,China,20.157.224.194,122.0867,30.11377,83,0.29
62,Jason,Grant,jgrant1p@bloomberg.com,China,194.229.223.252,118.36989,25.95091,50,0.53
63,Christopher,Fox,cfox1q@addthis.com,Burkina Faso,22.230.53.85,-1.88556,12.18972,11,0.62
64,Kevin,Riley,kriley1r@paginegialle.it,Thailand,178.120.172.153,101.02208,16.65791,10,0.73
65,Thomas,Wright,twright1s@etsy.com,Russia,158.236.243.34,43.97721,56.41421,31,0.69
66,Judith,Andrews,jandrews1t@naver.com,China,5.242.240.165,130.61724,46.77048,36,0.63
67,Nicole,Andrews,nandrews1u@hp.com,Colombia,133.189.226.172,-75.37371,6.15515,56,0.52
68,Bruce,Moreno,bmoreno1v@hubpages.com,China,175.119.109.47,121.14002,28.35436,95,0.57
69,Frances,Wagner,fwagner1w@yelp.com,Ukraine,113.157.154.187,30.03957,48.82849,77,0.57
70,Patrick,Johnston,pjohnston1x@irs.gov,Philippines,6.216.67.135,120.38694,17.57472,29,0.34
71,Betty,Simpson,bsimpson1y@symantec.com,Brazil,190.191.68.206,-49.97278,-20.42278,97,0.48
72,Phillip,Carr,pcarr1z@wikispaces.com,Philippines,54.34.225.249,119.9491,16.1963,60,0.42
73,Michael,Powell,mpowell20@youtube.com,China,232.233.196.224,120.214,27.32734,55,0.59
74,Sarah,Rodriguez,srodriguez21@yahoo.co.jp,Indonesia,6.36.143.221,108.2558,-7.308,31,0.48
75,Thomas,Robertson,trobertson22@indiegogo.com,Indonesia,222.23.64.92,111.6146,-7.1536,12,0.69
76,Christine,Scott,cscott23@dagondesign.com,Egypt,245.108.8.12,32.6421,25.69893,28,0.59
77,Amy,Knight,aknight24@simplemachines.org,Philippines,1.0.22.193,120.3,15.75,93,0.53
78,Brenda,Bradley,bbradley25@rakuten.co.jp,Russia,78.87.7.251,74.52301,63.78977,83,0.69
79,Paul,Henry,phenry26@miitbeian.gov.cn,Poland,125.116.246.146,22.31589,51.76922,56,0.38
80,Bobby,Reed,breed27@shutterfly.com,Honduras,124.4.79.175,-87.35,15.1,98,0.53
81,Anthony,Matthews,amatthews28@vk.com,Sweden,23.114.210.20,17.9872,59.3059,74,0.64
82,Paula,Martin,pmartin29@google.nl,Madagascar,21.45.253.33,47.86667,-18.4,54,0.6
83,Karen,Graham,kgraham2a@statcounter.com,Poland,17.110.187.196,18.82928,54.09665,18,0.46
84,Ashley,Carroll,acarroll2b@google.com.br,Morocco,188.159.203.67,-7.14,33.38,37,0.19
85,Chris,Edwards,cedwards2c@163.com,Serbia,3.110.243.170,21.23952,45.10569,40,0.63
86,Nicholas,Woods,nwoods2d@feedburner.com,Portugal,185.112.15.171,-7.7,39.5667,28,0.43
87,Teresa,Larson,tlarson2e@altervista.org,China,80.82.174.77,118.01667,37.36667,43,0.47
88,Ruth,Sims,rsims2f@chronoengine.com,Poland,144.50.238.18,18.8591,49.65629,62,0.57
89,Katherine,Bowman,kbowman2g@dailymail.co.uk,Croatia,36.52.144.205,15.98333,45.78333,87,0.6
90,Michael,Watkins,mwatkins2h@com.com,Guatemala,144.154.153.231,-91.14889,15.03056,17,0.45
91,Julie,Miller,jmiller2i@spiegel.de,Russia,194.220.78.179,42.0983,61.07006,98,0.49
92,Irene,Rodriguez,irodriguez2j@hostgator.com,China,116.87.212.14,108.25077,28.89085,90,0.56
93,Donald,Chapman,dchapman2k@macromedia.com,Vietnam,143.198.19.104,104.812,8.85706,22,0.45
94,Ashley,Brooks,abrooks2l@netlog.com,Poland,146.148.206.212,16.09961,53.46013,79,0.53
95,Joyce,Patterson,jpatterson2m@free.fr,Portugal,18.242.97.89,-9.4,39.05,39,0.38
96,Louise,Franklin,lfranklin2n@adobe.com,Mexico,99.236.81.88,-99.7711,19.2164,51,0.59
97,Jonathan,Johnston,jjohnston2o@home.pl,Philippines,143.69.176.197,125.43333,11.61667,63,0.61
98,Craig,Taylor,ctaylor2p@histats.com,Poland,120.33.251.248,23.43375,51.27443,79,0.58
99,Jessica,Wagner,jwagner2q@flickr.com,Nigeria,68.96.242.95,8.51672,12.00012,78,0.28
100,Tammy,Morgan,tmorgan2r@ocn.ne.jp,Russia,129.200.101.33,39.83336,54.7897,46,0.62
101,Charles,Crawford,ccrawford2s@google.co.jp,Indonesia,56.106.135.145,111.3975,-8.0381,29,0.43
102,Jeremy,Jackson,jjackson2t@baidu.com,Indonesia,129.253.88.16,115.2645,-6.8621,79,0.62
103,Joan,Gilbert,jgilbert2u@macromedia.com,China,34.240.198.254,115.57842,24.3275,21,0.54
104,Christina,George,cgeorge2v@discovery.com,Colombia,214.103.67.210,-76.28852,4.1571,85,0.64
105,Maria,Clark,mclark2w@plala.or.jp,Greece,226.168.18.15,22.88333,39.5,56,0.47
106,Ernest,Ward,eward2x@hc360.com,China,35.7.138.205,116.58014,25.02466,75,0.55
107,Robert,Wheeler,rwheeler2y@constantcontact.com,Canada,222.79.253.119,-116.4858,55.4334,42,0.5
108,Raymond,Hart,rhart2z@github.io,Philippines,122.181.11.26,123.3694,7.8191,29,0.46
109,Melissa,Jackson,mjackson30@blogspot.com,Iran,99.191.219.198,51.1537,32.7026,94,0.43
110,Patrick,Carr,pcarr31@squarespace.com,Indonesia,245.254.88.241,122.7683,-8.43,39,0.36
111,Walter,Snyder,wsnyder32@google.com.hk,Brazil,64.203.241.225,-51.5,-22.27528,63,0.47
112,Lois,Thomas,lthomas33@ucsd.edu,Philippines,253.48.201.147,122.9275,11.2258,51,0.57
113,Daniel,Hall,dhall34@furl.net,Indonesia,134.102.95.221,112.2869,-8.1136,25,0.45
114,Julia,Daniels,jdaniels35@barnesandnoble.com,Colombia,220.8.210.223,-74.23021,4.70592,64,0.51
115,Michelle,Diaz,mdiaz36@jimdo.com,Poland,42.199.4.65,20.05563,50.5659,13,0.49
116,Keith,Brown,kbrown37@ibm.com,Philippines,32.39.163.160,121.39861,12.06967,94,0.54
117,Fred,Jones,fjones38@yale.edu,China,61.129.229.239,111.44401,40.99976,76,0.45
118,Jessica,Cox,jcox39@pagesperso-orange.fr,China,47.91.98.48,105.67506,29.42685,26,0.42
119,Joan,Morris,jmorris3a@google.ca,Indonesia,104.92.187.56,125.97786,-2.05853,91,0.31
120,Victor,Lawson,vlawson3b@a8.net,Albania,114.12.76.193,19.59306,41.42861,69,0.3
121,Amy,Coleman,acoleman3c@eventbrite.com,Colombia,116.93.210.89,-74.81612,4.29005,21,0.63
122,Henry,Richards,hrichards3d@msu.edu,China,82.126.160.50,112.55774,37.9074,61,0.44
123,Christina,Porter,cporter3e@live.com,Netherlands,170.41.74.210,6.1639,52.255,60,0.46
124,Bobby,Reyes,breyes3f@netscape.com,Indonesia,160.11.11.4,111.445,-7.2383,47,0.48
125,Gary,Ward,gward3g@seesaa.net,Colombia,11.80.222.132,-75.86865,5.20088,77,0.35
126,Kathleen,Ward,kward3h@cdc.gov,Ethiopia,30.101.129.13,39.86997,10.71668,70,0.54
127,James,Howell,jhowell3i@indiatimes.com,Philippines,178.64.215.238,121.42333,13.93111,52,0.42
128,Edward,Carr,ecarr3j@ucla.edu,Brazil,183.229.0.1,-41.88778,-21.205,75,0.55
129,Brandon,Sullivan,bsullivan3k@samsung.com,Nigeria,5.23.106.72,10.561,11.2471,92,0.42
130,Howard,Stanley,hstanley3l@webnode.com,Philippines,9.223.17.17,121.3152,14.1447,43,0.68
131,Nicole,Daniels,ndaniels3m@rakuten.co.jp,Philippines,25.140.163.167,124.68912,7.12825,39,0.33
132,Doris,Jacobs,djacobs3n@unicef.org,China,19.18.91.225,109.46303,28.0465,99,0.66
133,Randy,Ramos,rramos3o@howstuffworks.com,Indonesia,155.103.132.192,117.7682,-8.9001,48,0.4
134,Phillip,Howard,phoward3p@indiegogo.com,Canada,137.145.134.237,-116.80238,54.40007,86,0.61
135,Katherine,Richards,krichards3q@csmonitor.com,Madagascar,90.31.97.249,49.40234,-18.1492,62,0.44
136,Matthew,Boyd,mboyd3r@domainmarket.com,Swaziland,50.84.253.198,31.25,-25.96667,81,0.49
137,Margaret,Cox,mcox3s@cnbc.com,Micronesia,64.53.97.138,158.206,6.964,25,0.54
138,Keith,Robertson,krobertson3t@shutterfly.com,Nigeria,253.78.159.77,9.11667,11.58333,100,0.47
139,Norma,Sims,nsims3u@php.net,Peru,45.246.173.39,-79.78889,-6.63889,62,0.48
140,Martha,Porter,mporter3v@slate.com,Vietnam,248.119.236.117,103.23438,22.36647,32,0.43
141,Brian,Jackson,bjackson3w@nih.gov,Portugal,142.243.166.211,-9.2667,38.9167,12,0.52
142,Shirley,Miller,smiller3x@techcrunch.com,Hungary,19.208.54.208,19.0833,47.5,37,0.34
143,Wanda,Mason,wmason3y@netlog.com,Russia,107.240.186.28,38.0787,46.6529,15,0.53
144,Ruby,Hill,rhill3z@cocolog-nifty.com,China,173.126.137.204,115.38333,28.7,60,0.46
145,Earl,Henry,ehenry40@ocn.ne.jp,Croatia,201.32.166.98,14.73028,44.8325,62,0.44
146,Andrea,Rivera,arivera41@cbslocal.com,Russia,184.198.114.29,97.3286,57.4483,65,0.47
147,Rose,Gonzalez,rgonzalez42@slashdot.org,Costa Rica,150.62.54.34,-84.0488,9.96164,22,0.4
148,Donald,Harper,dharper43@chron.com,Canada,46.191.102.149,-79.06627,43.10012,58,0.61
149,Martin,Carroll,mcarroll44@wsj.com,Nigeria,143.252.55.228,6.65321,5.3435,38,0.63
150,Michael,Hicks,mhicks45@alibaba.com,Albania,56.177.238.5,19.64972,40.70917,40,0.24
151,Beverly,Campbell,bcampbell46@i2i.jp,Canada,138.136.163.233,-81.93309,43.16678,91,0.71
152,Kathy,Wood,kwood47@howstuffworks.com,Nigeria,51.28.143.23,6.33333,6.7,90,0.45
153,Katherine,Gardner,kgardner48@bing.com,Mexico,96.137.97.30,-92.2121,16.2844,67,0.57
154,Lillian,Howell,lhowell49@bloglines.com,China,240.19.141.43,116.46983,26.93118,11,0.39
155,Theresa,Wilson,twilson4a@ca.gov,Indonesia,170.180.119.43,106.0844,-6.3853,20,0.54
156,Louis,Gray,lgray4b@eventbrite.com,Vietnam,218.95.216.110,105.77969,18.45119,78,0.52
157,Jeffrey,Johnson,jjohnson4c@google.com.hk,Jamaica,255.107.175.146,-76.88946,18.36849,48,0.54
158,Marilyn,Morris,mmorris4d@trellian.com,Indonesia,87.235.216.49,108.2349,-7.3722,41,0.53
159,Willie,Wheeler,wwheeler4e@nymag.com,Vietnam,53.14.191.195,105.72776,9.29414,72,0.76
160,Brian,Evans,bevans4f@umich.edu,China,9.200.73.37,111.58476,28.91365,63,0.38
161,Patrick,Perry,pperry4g@arizona.edu,Iran,95.249.233.3,48.9037,37.8008,57,0.54
162,Theresa,Powell,tpowell4h@webmd.com,Cambodia,181.183.106.62,103.9192,12.53878,68,0.42
163,Jimmy,Hunt,jhunt4i@addthis.com,Nicaragua,58.93.97.154,-87.13105,12.62937,50,0.43
164,Shawn,Oliver,soliver4j@amazonaws.com,Venezuela,121.211.222.140,-71.24087,8.54665,65,0.52
165,Beverly,Hicks,bhicks4k@irs.gov,Zambia,34.159.155.98,31.36942,-10.1732,96,0.54
166,Amanda,Wagner,awagner4l@paypal.com,China,231.13.154.78,119.97994,48.2708,99,0.33
167,Jason,Burton,jburton4m@soup.io,Slovenia,65.130.43.218,16.24056,46.60528,91,0.47
168,Bobby,Welch,bwelch4n@a8.net,Poland,69.191.134.65,17.43738,51.69868,72,0.61
169,Wayne,Coleman,wcoleman4o@indiegogo.com,Indonesia,72.130.115.13,121.9409,-10.5224,99,0.49
170,Jason,Stevens,jstevens4p@foxnews.com,Czech Republic,105.101.112.178,16.1148,50.26742,44,0.54
171,Larry,Hanson,lhanson4q@msn.com,Papua New Guinea,96.100.53.34,146.98469,-6.72208,84,0.45
172,Louis,Austin,laustin4r@elpais.com,France,250.167.211.71,3,43.1833,97,0.6
173,Brandon,Boyd,bboyd4s@umich.edu,Belarus,241.41.160.254,27.4606,52.7267,32,0.51
174,Jimmy,Warren,jwarren4t@sbwire.com,France,168.224.196.235,1.5333,45.15,94,0.53
175,Larry,Duncan,lduncan4u@opensource.org,Greece,248.172.41.121,23.63333,38.31667,31,0.47
176,Jean,Henderson,jhenderson4v@gmpg.org,Sweden,73.237.200.23,17.5481,58.8962,82,0.46
177,Jeremy,Campbell,jcampbell4w@51.la,Albania,64.92.213.101,19.9475,40.92944,61,0.39
178,Pamela,Perkins,pperkins4x@businessweek.com,China,249.98.164.192,129.86084,43.47406,90,0.46
179,Brian,Carroll,bcarroll4y@seesaa.net,Czech Republic,110.55.27.169,15.46026,50.1544,58,0.47
180,Joan,Wright,jwright4z@cloudflare.com,China,148.150.20.66,107.57518,30.54197,85,0.46
181,Roy,Brown,rbrown50@t-online.de,China,186.111.104.68,105.69265,29.62172,88,0.53
182,Albert,Murphy,amurphy51@wired.com,Tajikistan,68.169.127.120,68.66605,38.16033,45,0.67
183,Roy,Kim,rkim52@odnoklassniki.ru,Poland,47.104.215.10,21.92579,50.04788,93,0.45
184,Anna,Franklin,afranklin53@wired.com,Argentina,36.14.168.152,-59.85854,-36.77698,56,0.5
185,Samuel,Pierce,spierce54@ycombinator.com,China,97.237.150.57,116.64555,23.41327,16,0.56
186,Jonathan,Andrews,jandrews55@ed.gov,Jordan,160.72.84.35,35.69278,31.15889,22,0.47
187,Bruce,Butler,bbutler56@nasa.gov,Sweden,246.185.234.173,18.0649,59.3326,65,0.36
188,Julie,Snyder,jsnyder57@cmu.edu,China,236.249.16.7,105.38454,30.87123,70,0.69
189,Ruby,Gonzales,rgonzales58@pbs.org,Portugal,122.247.105.164,-8.9167,38.7,44,0.58
190,Ralph,Meyer,rmeyer59@yale.edu,China,154.69.252.235,112.44042,33.48756,99,0.45
191,Larry,Stone,lstone5a@bing.com,China,183.212.103.155,118.70155,29.77761,40,0.46
192,Shirley,Lawson,slawson5b@webnode.com,Botswana,135.109.32.98,25.67728,-25.22435,42,0.66
193,Joan,Chapman,jchapman5c@bloglovin.com,France,79.3.83.13,7.0128,43.5513,12,0.43
194,Linda,Bennett,lbennett5d@microsoft.com,China,73.161.245.216,112.3307,29.75136,67,0.56
195,Lois,White,lwhite5e@mail.ru,Philippines,143.151.206.152,120.35883,17.67967,46,0.69
196,Arthur,Palmer,apalmer5f@google.com.au,Iran,29.107.254.101,49.19152,36.20898,25,0.47
197,Bobby,Palmer,bpalmer5g@slate.com,Indonesia,59.166.127.142,123.2655,-8.2994,51,0.68
198,Christina,Tucker,ctucker5h@360.cn,North Korea,240.131.87.44,125.47361,39.49472,76,0.56
199,Rebecca,Fields,rfields5i@bbc.co.uk,Indonesia,16.90.225.215,111.3901,-6.9705,20,0.55
200,Antonio,Rodriguez,arodriguez5j@ft.com,France,208.50.206.67,4.3,46.95,16,0.55
201,Emily,Powell,epowell5k@cmu.edu,China,159.213.38.115,79.18447,32.20076,92,0.45
202,Martin,Ramirez,mramirez5l@zimbio.com,China,111.141.76.232,112.86356,41.60893,64,0.51
203,Maria,Fernandez,mfernandez5m@themeforest.net,Cuba,114.32.107.147,-82.76194,22.81306,96,0.39
204,Amanda,Boyd,aboyd5n@tumblr.com,Sweden,157.205.89.115,13.8451,58.3912,93,0.59
205,Heather,Bishop,hbishop5o@shutterfly.com,China,191.97.201.123,120.14278,32.50611,35,0.35
206,Mary,Holmes,mholmes5p@auda.org.au,Luxembourg,142.41.162.168,6.15389,49.56278,39,0.59
207,Eric,Daniels,edaniels5q@bigcartel.com,France,33.116.240.240,6.3554,46.9035,31,0.56
208,Pamela,Kennedy,pkennedy5r@irs.gov,Brazil,139.48.164.4,-48.18722,-18.64722,11,0.39
209,Deborah,Castillo,dcastillo5s@youtube.com,China,121.137.127.44,120.64048,32.40155,43,0.47
210,Samuel,Nguyen,snguyen5t@mtv.com,Israel,72.64.181.247,35.31679,32.93444,67,0.49
211,Lori,Ramirez,lramirez5u@homestead.com,Russia,201.28.31.128,110.46804,51.36777,53,0.5
212,Anne,Clark,aclark5v@delicious.com,Czech Republic,131.233.96.33,17.99619,49.33871,83,0.57
213,Terry,Cruz,tcruz5w@rakuten.co.jp,Indonesia,139.211.162.68,113.2159,-7.7543,28,0.44
214,Ruth,Little,rlittle5x@mayoclinic.com,Indonesia,63.247.17.192,111.9323,-8.0608,90,0.52
215,Deborah,Banks,dbanks5y@usda.gov,Russia,48.206.228.104,39.7956,55.1282,93,0.55
216,Karen,White,kwhite5z@multiply.com,Azerbaijan,135.215.119.210,45.70645,40.75244,14,0.57
217,Brandon,Daniels,bdaniels60@google.ru,Niger,202.103.136.199,3.44919,11.88435,42,0.5
218,Heather,Marshall,hmarshall61@wiley.com,China,169.136.246.253,116.15748,40.52533,12,0.39
219,Nancy,Austin,naustin62@craigslist.org,China,16.178.17.179,107.09369,23.12658,63,0.51
220,Steven,Kennedy,skennedy63@mac.com,United States,79.195.89.78,-72.5783,42.0999,50,0.51
221,Julia,Carr,jcarr64@artisteer.com,Panama,61.171.110.205,-79.65,9.55,62,0.62
222,David,Coleman,dcoleman65@friendfeed.com,United Kingdom,163.152.193.120,-1.8998,52.4814,15,0.72
223,Aaron,Stone,astone66@jiathis.com,China,124.223.25.96,115.80012,24.14537,85,0.49
224,Amy,Sanders,asanders67@myspace.com,Ukraine,136.245.251.120,23.91295,49.71532,88,0.54
225,Alice,Kelley,akelley68@archive.org,Indonesia,4.168.16.223,100.17044,-0.54192,86,0.52
226,Beverly,Hudson,bhudson69@jalbum.net,Mexico,63.238.96.52,-96.6238,18.8822,87,0.55
227,Ernest,Murphy,emurphy6a@jalbum.net,Serbia,142.232.25.24,20.56,44.30694,70,0.48
228,Anthony,Ruiz,aruiz6b@thetimes.co.uk,Canada,228.94.59.178,-113.25189,50.40008,45,0.39
229,Jason,Collins,jcollins6c@yellowbook.com,Netherlands,34.240.55.61,5.3452,52.1241,71,0.56
230,Andrea,Richardson,arichardson6d@biblegateway.com,Russia,240.37.150.248,37.76861,45.43306,89,0.53
231,Paul,Alvarez,palvarez6e@japanpost.jp,Indonesia,117.253.47.90,111.4741,-6.7675,59,0.68
232,Joan,Ferguson,jferguson6f@amazon.de,Guatemala,249.130.126.89,-90.04028,14.27028,33,0.6
233,Deborah,Barnes,dbarnes6g@sina.com.cn,Moldova,233.109.150.219,29.41389,46.64417,84,0.42
234,Joshua,Ross,jross6h@miitbeian.gov.cn,Sweden,56.72.55.107,16.0966,59.4225,49,0.6
235,Theresa,Cox,tcox6i@jimdo.com,Czech Republic,252.20.118.219,14.69734,49.1843,99,0.38
236,Cynthia,Patterson,cpatterson6j@hud.gov,Indonesia,94.200.33.232,111.5826,-6.6943,15,0.4
237,Tammy,Bell,tbell6k@seesaa.net,Colombia,246.148.95.60,-74.9164,10.79408,11,0.43
238,Harry,Berry,hberry6l@ameblo.jp,China,20.162.114.102,130.52,44.91738,26,0.26
239,Ryan,Smith,rsmith6m@wikia.com,China,136.191.195.206,120.77876,32.12272,90,0.5
240,Carl,Hawkins,chawkins6n@omniture.com,Sierra Leone,217.24.242.214,-10.75111,7.99444,89,0.36
241,Jason,Harper,jharper6o@telegraph.co.uk,Philippines,208.137.230.217,125.98556,8.63278,82,0.65
242,Benjamin,Martin,bmartin6p@telegraph.co.uk,Croatia,3.190.60.221,16.52222,43.5025,53,0.42
243,Judith,Jones,jjones6q@51.la,Morocco,118.102.230.168,-6.00272,34.68664,100,0.52
244,Dorothy,Ray,dray6r@ycombinator.com,Indonesia,188.0.54.190,114.0047,-7.6392,80,0.55
245,Jesse,Harper,jharper6s@liveinternet.ru,Thailand,221.229.251.183,101.26886,14.16308,22,0.63
246,Alice,Warren,awarren6t@google.es,Russia,177.121.158.190,86.15,50.75,36,0.61
247,Patricia,Johnston,pjohnston6u@usnews.com,Brazil,234.228.1.149,-56.80278,-14.45472,74,0.5
248,Teresa,George,tgeorge6v@live.com,Colombia,239.166.42.100,-74.46771,8.91925,99,0.64
249,Ashley,Pierce,apierce6w@nytimes.com,Russia,114.255.192.243,58.7891,54.0231,84,0.37
250,Diana,Turner,dturner6x@diigo.com,China,149.79.176.17,109.5687,28.97672,35,0.44
251,Gloria,Gibson,ggibson6y@163.com,China,94.125.73.11,121.2146,31.03595,50,0.34
252,Deborah,Patterson,dpatterson6z@salon.com,Palau,177.16.160.109,134.71725,8.08228,44,0.61
253,Aaron,George,ageorge70@biglobe.ne.jp,Mongolia,133.153.22.55,108.28245,45.23223,71,0.58
254,Ralph,Webb,rwebb71@mtv.com,Thailand,99.8.202.244,100.40878,14.66731,32,0.56
255,Thomas,Morales,tmorales72@wikimedia.org,Japan,42.123.155.146,137.78333,34.8,35,0.38
256,Barbara,Mason,bmason73@bloglovin.com,Argentina,175.200.175.134,-59.52719,-30.01444,24,0.29
257,Sarah,Hayes,shayes74@fc2.com,China,56.227.168.136,105.52653,29.37483,12,0.55
258,Walter,Cook,wcook75@answers.com,Madagascar,0.198.60.132,43.66667,-23.35,46,0.47
259,Fred,Jordan,fjordan76@gmpg.org,Russia,9.67.103.76,41.1512,45.0098,63,0.44
260,Christina,Rodriguez,crodriguez77@amazon.co.jp,Sweden,131.78.168.249,11.9668,57.7072,31,0.51
261,Adam,Frazier,afrazier78@ted.com,Philippines,18.3.250.33,124.5051,9.9204,36,0.5
262,Doris,Young,dyoung79@de.vu,Indonesia,187.63.42.169,107.0098,-7.0097,29,0.55
263,Mark,Harper,mharper7a@cbsnews.com,Pakistan,38.21.206.51,67.92353,24.74745,49,0.65
264,Thomas,Tucker,ttucker7b@msu.edu,Portugal,168.167.249.95,-9.3583,38.7222,90,0.42
265,Heather,Ramos,hramos7c@chicagotribune.com,China,186.93.100.11,121.12782,29.516,54,0.52
266,Edward,Andrews,eandrews7d@reuters.com,Ethiopia,213.76.174.57,38.98333,8.75,64,0.48
267,Gerald,Butler,gbutler7e@google.fr,Philippines,149.199.214.71,121.4147,14.1284,55,0.55
268,Carol,Ruiz,cruiz7f@mail.ru,Indonesia,162.246.236.167,116.6319,-8.557,69,0.57
269,Albert,Long,along7g@samsung.com,Philippines,129.2.228.139,125.6975,8.8225,78,0.43
270,Ronald,Robinson,rrobinson7h@google.it,Zimbabwe,30.124.76.7,28.92261,-20.28979,10,0.59
271,Amy,Watkins,awatkins7i@sciencedirect.com,China,121.85.154.16,112.07319,29.50129,13,0.57
272,Ernest,Arnold,earnold7j@hc360.com,Poland,162.101.107.245,18.93803,52.94688,90,0.45
273,Margaret,Sims,msims7k@msu.edu,Nigeria,104.195.121.167,7.81191,5.61455,26,0.5
274,Harry,Hughes,hhughes7l@slate.com,South Korea,196.172.42.64,129.16861,35.40611,45,0.37
275,Ann,Payne,apayne7m@tinypic.com,United States,29.211.201.15,-92.2493,38.5309,76,0.32
276,Joe,Myers,jmyers7n@umn.edu,Canada,72.107.108.150,-101.90093,51.56668,63,0.6
277,Joseph,Willis,jwillis7o@yolasite.com,Georgia,237.154.247.159,40.9893,43.00697,79,0.69
278,Jacqueline,Ortiz,jortiz7p@bizjournals.com,Czech Republic,54.51.131.209,16.27488,50.16284,96,0.36
279,Anna,Green,agreen7q@ycombinator.com,China,126.169.173.148,114.8,30.05,84,0.26
280,Ruby,Parker,rparker7r@craigslist.org,Brazil,120.238.27.209,-43.7084,-22.60829,28,0.51
281,Douglas,Robinson,drobinson7s@flickr.com,Morocco,195.105.205.65,-12.92604,27.9392,85,0.51
282,Earl,Hill,ehill7t@jugem.jp,Albania,33.233.206.140,20.28833,41.91306,13,0.65
283,Nancy,Kim,nkim7u@mac.com,Peru,223.91.178.142,-76.46667,-12.73333,82,0.67
284,Evelyn,Miller,emiller7v@newsvine.com,China,2.156.47.127,115.97103,29.02703,37,0.41
285,Henry,Franklin,hfranklin7w@edublogs.org,China,238.184.73.2,116.2691,23.5633,73,0.41
286,Lillian,Gonzales,lgonzales7x@seattletimes.com,China,208.207.93.16,116.64983,28.75433,15,0.46
287,Scott,Nguyen,snguyen7y@thetimes.co.uk,United States,177.207.216.171,-110.9845,32.2691,16,0.4
288,Angela,Lewis,alewis7z@stumbleupon.com,Russia,141.23.28.47,33.29722,54.915,99,0.4
289,Bobby,Grant,bgrant80@disqus.com,Macedonia,46.255.193.199,21.10889,42.10667,17,0.43
290,Paula,Murray,pmurray81@github.com,Croatia,171.243.31.193,14.47944,45.38722,57,0.56
291,Peter,Martin,pmartin82@unicef.org,Sweden,99.104.227.144,18.0833,60.0667,21,0.57
292,Fred,Lawrence,flawrence83@oracle.com,Philippines,235.16.88.159,121.75155,17.40482,84,0.55
293,Marie,Allen,mallen84@unicef.org,Hungary,132.194.3.230,18.9333,47.3667,81,0.54
294,Robin,Lawson,rlawson85@guardian.co.uk,Indonesia,68.201.99.206,111.4056,-6.8587,31,0.51
295,Craig,Snyder,csnyder86@cmu.edu,Indonesia,162.153.188.255,111.2248,-6.7761,52,0.51
296,Arthur,Andrews,aandrews87@baidu.com,Philippines,3.138.243.220,122.8615,10.1603,76,0.43
297,Annie,Shaw,ashaw88@reverbnation.com,Paraguay,104.98.220.12,-56.01667,-25.45,29,0.44
298,Rachel,Wilson,rwilson89@cisco.com,Sri Lanka,114.95.170.220,80.2787,5.9999,21,0.47
299,Sara,Kelly,skelly8a@etsy.com,Indonesia,247.167.145.136,108.0939,-7.5389,20,0.34
300,Michael,Fernandez,mfernandez8b@prweb.com,Philippines,117.252.136.87,119.3593,10.9893,35,0.44
301,Michelle,Gutierrez,mgutierrez8c@cnn.com,Russia,160.1.27.85,108.92767,51.15293,90,0.48
302,Sean,Davis,sdavis8d@fc2.com,Lithuania,24.137.28.96,24.96667,55.83333,20,0.68
303,Susan,Flores,sflores8e@dmoz.org,China,13.6.120.9,120.0798,30.54816,90,0.36
304,Janet,Ray,jray8f@ask.com,Indonesia,15.32.212.24,116.6644,-8.5021,21,0.69
305,Kathryn,Hernandez,khernandez8g@parallels.com,China,102.229.156.112,105.46812,33.25711,52,0.51
306,Jennifer,Henry,jhenry8h@netvibes.com,Philippines,112.144.96.89,123.1792,9.4383,36,0.45
307,Bobby,Kennedy,bkennedy8i@goodreads.com,Greece,98.249.16.59,23.92374,40.38118,69,0.66
308,Phillip,Davis,pdavis8j@state.tx.us,China,122.192.70.152,120.09554,31.69846,31,0.74
309,Martha,Morales,mmorales8k@seattletimes.com,China,130.141.180.152,104.64,34.99881,65,0.58
310,Cynthia,Boyd,cboyd8l@themeforest.net,Poland,48.11.215.3,18.44742,53.40953,14,0.49
311,Carolyn,Cox,ccox8m@sakura.ne.jp,Poland,0.124.186.60,18.66972,49.78254,35,0.53
312,Samuel,Burton,sburton8n@si.edu,Armenia,142.61.29.90,44.0039,40.18726,23,0.41
313,Steve,Elliott,selliott8o@walmart.com,China,68.218.241.212,119.73471,31.89852,100,0.45
314,Timothy,Harrison,tharrison8p@com.com,China,74.197.25.2,102.80119,24.22545,41,0.46
315,Jennifer,Vasquez,jvasquez8q@hao123.com,Denmark,5.32.216.114,12.5655,55.6759,31,0.59
316,Kimberly,Ortiz,kortiz8r@pen.io,China,10.194.44.182,114.10302,28.32721,93,0.45
317,Phillip,Jacobs,pjacobs8s@huffingtonpost.com,Norway,181.47.249.128,10.6577,59.434,42,0.49
318,Ronald,Griffin,rgriffin8t@sakura.ne.jp,United States,30.67.122.249,-97.1282,33.1903,35,0.35
319,Joan,Greene,jgreene8u@tripod.com,Argentina,153.162.149.14,-58.17814,-26.17753,24,0.5
320,Lois,Sanchez,lsanchez8v@cyberchimps.com,Tanzania,200.101.34.233,34.83333,-8.85,31,0.33
321,Jonathan,Roberts,jroberts8w@naver.com,China,138.177.214.199,118.83194,24.98301,59,0.5
322,Andrew,Mills,amills8x@edublogs.org,Indonesia,6.241.102.58,111.6259,-2.6832,16,0.61
323,Henry,Owens,howens8y@hubpages.com,China,138.83.101.208,118.08099,30.81632,92,0.48
324,Earl,Green,egreen8z@accuweather.com,Mali,64.91.167.184,1.01186,20.20126,64,0.49
325,Jessica,Johnson,jjohnson90@google.ru,Mongolia,243.53.238.234,105.924,48.80189,60,0.35
326,Gregory,Perkins,gperkins91@amazon.com,Poland,79.227.112.80,22.01283,49.58178,85,0.57
327,Nicole,Bell,nbell92@macromedia.com,Russia,70.174.107.180,44.85781,53.87049,40,0.44
328,Diane,Stevens,dstevens93@ibm.com,Russia,3.240.140.62,52.2635,52.7807,79,0.73
329,Nancy,Ramirez,nramirez94@ed.gov,Portugal,72.29.236.45,-7.5493,38.2486,48,0.32
330,Marilyn,Schmidt,mschmidt95@vistaprint.com,Indonesia,103.107.224.159,123.7235,-8.3275,72,0.27
331,Jane,Morrison,jmorrison96@51.la,Macedonia,7.232.229.225,22.57556,41.20306,81,0.53
332,Sandra,Snyder,ssnyder97@feedburner.com,Argentina,70.226.133.141,-65.98333,-39.18333,10,0.59
333,Edward,Richards,erichards98@epa.gov,Malta,207.226.153.29,14.5075,35.86278,63,0.45
334,Bonnie,Hicks,bhicks99@acquirethisname.com,China,38.58.109.249,111.69081,29.71689,61,0.51
335,Anne,Stephens,astephens9a@opera.com,Albania,233.92.59.99,20.24056,40.77611,33,0.69
336,Michelle,Wood,mwood9b@census.gov,Serbia,202.169.21.152,21.67,44.4775,19,0.36
337,Howard,Watson,hwatson9c@ft.com,China,88.13.131.110,115.23727,28.39259,91,0.64
338,Todd,Henderson,thenderson9d@latimes.com,Indonesia,4.45.250.25,113.4874,-8.2867,44,0.53
339,Jesse,Castillo,jcastillo9e@so-net.ne.jp,Syria,129.149.125.239,38.35347,36.89095,64,0.52
340,Scott,Coleman,scoleman9f@sciencedirect.com,Portugal,119.164.146.57,-8.603,39.8955,57,0.34
341,Philip,Boyd,pboyd9g@microsoft.com,France,201.70.83.218,2.6167,48.6833,42,0.63
342,Henry,Bowman,hbowman9h@de.vu,Brazil,207.218.195.135,-42.03361,-20.25806,49,0.37
343,Victor,Turner,vturner9i@privacy.gov.au,Indonesia,219.232.247.157,117.43523,-0.35085,14,0.58
344,Catherine,Shaw,cshaw9j@blogspot.com,China,163.194.123.47,117.17833,25.15917,67,0.58
345,Henry,Stewart,hstewart9k@wired.com,Honduras,223.142.58.58,-88.8,14.48333,59,0.61
346,George,Greene,ggreene9l@globo.com,United States,234.52.74.254,-122.99,38.4631,39,0.42
347,Rachel,Warren,rwarren9m@umn.edu,Brazil,239.208.87.200,-37.64306,-8.0875,38,0.34
348,Theresa,Foster,tfoster9n@de.vu,China,112.188.193.178,101.70625,32.90594,59,0.48
349,Frances,Brooks,fbrooks9o@sun.com,Mexico,164.164.58.167,-96.1704,18.0181,49,0.51
350,Roy,Williamson,rwilliamson9p@nifty.com,China,64.172.113.135,121.56766,50.6351,37,0.62
351,Evelyn,Crawford,ecrawford9q@businesswire.com,Russia,6.186.3.182,37.22449,54.97741,57,0.47
352,Donald,Ramos,dramos9r@qq.com,Mexico,201.96.22.46,-96.9034,20.1339,18,0.54
353,Angela,Watkins,awatkins9s@delicious.com,China,224.206.29.135,102.52117,35.20125,62,0.67
354,Andrew,Lynch,alynch9t@vimeo.com,Portugal,91.183.222.161,-8.2833,39.6667,15,0.38
355,Cheryl,Rivera,crivera9u@tinyurl.com,Palestinian Territory,50.232.140.223,35.32188,32.10188,95,0.47
356,Randy,Jacobs,rjacobs9v@nymag.com,Vietnam,115.190.109.205,105.6673,9.99753,54,0.52
357,Teresa,Alvarez,talvarez9w@ucsd.edu,Russia,177.104.122.254,42.17444,55.3175,26,0.61
358,Donald,Wallace,dwallace9x@google.nl,Czech Republic,7.255.214.229,16.92849,49.9408,12,0.58
359,Jerry,Hicks,jhicks9y@sogou.com,Portugal,195.246.221.85,-7.8833,41.3833,22,0.54
360,Jonathan,Miller,jmiller9z@symantec.com,Bosnia and Herzegovina,60.197.55.195,17.76848,43.34765,79,0.45
361,Steven,Banks,sbanksa0@upenn.edu,Poland,211.61.235.119,22.91963,53.31406,92,0.42
362,Irene,Webb,iwebba1@technorati.com,Russia,223.221.245.68,46.64963,61.25745,49,0.4
363,Brenda,Ross,brossa2@lulu.com,China,113.105.180.89,128.78609,49.44242,87,0.77
364,Daniel,Flores,dfloresa3@pcworld.com,Philippines,58.107.236.122,123.8399,8.2864,78,0.58
365,Sarah,Henry,shenrya4@elegantthemes.com,China,52.47.130.240,111.37845,30.85976,30,0.7
366,Kevin,Morris,kmorrisa5@mediafire.com,Philippines,187.171.49.243,123.61667,13.06667,58,0.47
367,Edward,Burke,eburkea6@istockphoto.com,China,165.235.66.215,107.50317,29.05783,23,0.51
368,Philip,Harvey,pharveya7@wsj.com,Portugal,188.30.85.41,-8.1663,37.8669,55,0.18
369,Mildred,Knight,mknighta8@t-online.de,Portugal,27.126.70.158,-8.9067,38.52,14,0.54
370,Heather,Coleman,hcolemana9@rediff.com,China,164.214.53.195,106.55714,29.81905,21,0.26
371,Nicholas,Thomas,nthomasaa@cocolog-nifty.com,France,9.32.81.222,2.3399,48.8718,45,0.53
372,Randy,Black,rblackab@wikipedia.org,China,141.124.50.55,95.3043,32.60073,79,0.4
373,Margaret,Collins,mcollinsac@virginia.edu,Czech Republic,254.177.105.113,17.13275,49.83104,95,0.43
374,Alice,Dunn,adunnad@hud.gov,Finland,171.81.179.3,25.45,62.5,82,0.27
375,Eric,Dean,edeanae@dyndns.org,Russia,89.3.161.116,32.73723,59.94774,43,0.47
376,Frances,Ortiz,fortizaf@prnewswire.com,Indonesia,172.24.28.208,104.8019,-2.9893,21,0.62
377,James,Watson,jwatsonag@indiatimes.com,Mexico,110.226.89.148,-97.9028,19.0283,53,0.56
378,Harry,Kennedy,hkennedyah@sogou.com,China,84.141.93.82,114.70761,31.15464,53,0.45
379,Norma,Marshall,nmarshallai@flickr.com,Nepal,150.233.157.74,85.27544,27.67988,100,0.47
380,Ashley,Taylor,atayloraj@usgs.gov,Russia,176.68.139.25,37.65032,55.6254,58,0.48
381,Lori,Mills,lmillsak@eventbrite.com,Malaysia,137.151.247.146,117.9148,4.2825,21,0.33
382,Joan,Oliver,joliveral@chicagotribune.com,Russia,98.144.120.116,38.40172,54.03481,55,0.37
383,Sara,Jones,sjonesam@shareasale.com,Japan,148.25.236.143,139.6425,35.44778,40,0.46
384,Karen,Harper,kharperan@feedburner.com,Greece,238.29.67.233,21.90609,40.43492,85,0.5
385,Rachel,Collins,rcollinsao@geocities.jp,Portugal,51.160.127.203,-7.7,39.5667,72,0.44
386,Bruce,Hawkins,bhawkinsap@github.io,China,175.57.8.189,87.77418,46.65684,36,0.67
387,Larry,Bennett,lbennettaq@msn.com,Russia,27.225.133.249,47.89078,56.63877,100,0.58
388,Brandon,Hunt,bhuntar@infoseek.co.jp,Vietnam,82.11.221.229,106.34939,9.86989,58,0.43
389,Alice,Berry,aberryas@yahoo.com,Venezuela,231.0.145.208,-66.85215,10.61119,84,0.51
390,Terry,Ramos,tramosat@zimbio.com,Colombia,11.21.66.113,-75.70318,5.42164,52,0.46
391,Kimberly,Meyer,kmeyerau@ibm.com,Brazil,249.115.254.40,-42.82591,-2.75556,50,0.42
392,Heather,Moore,hmooreav@hao123.com,China,68.204.241.211,101.42874,36.04408,63,0.61
393,Janet,Webb,jwebbaw@va.gov,Philippines,214.90.214.43,122.9261,10.2027,46,0.5
394,Jonathan,Dixon,jdixonax@mlb.com,Indonesia,98.247.4.208,120.6961,-8.658,61,0.44
395,Henry,Perry,hperryay@ftc.gov,Ukraine,98.150.118.153,33.99138,45.8699,89,0.67
396,Sara,Smith,ssmithaz@t-online.de,Panama,39.237.136.238,-81.03333,8.13333,39,0.42
397,Joshua,Harrison,jharrisonb0@businessweek.com,Canada,122.40.228.54,-81.76649,46.25837,83,0.53
398,Patrick,Thomas,pthomasb1@angelfire.com,Portugal,241.199.81.178,-8.5222,41.1278,73,0.65
399,Arthur,Grant,agrantb2@unicef.org,Japan,69.215.228.143,140.08333,35.9,93,0.58
400,Julie,Morales,jmoralesb3@prlog.org,Mexico,249.57.116.200,-100.3568,19.0499,68,0.6
401,Gregory,Turner,gturnerb4@godaddy.com,China,86.36.171.151,116.91049,24.72014,14,0.5
402,Frank,Johnston,fjohnstonb5@newyorker.com,Indonesia,123.2.158.229,106.70083,-6.55472,11,0.26
403,Jerry,Cunningham,jcunninghamb6@deliciousdays.com,Indonesia,14.81.25.80,113.7538,-6.9392,67,0.33
404,Sean,Montgomery,smontgomeryb7@ed.gov,Indonesia,177.103.62.55,104.97441,-5.35822,63,0.55
405,Jose,Harrison,jharrisonb8@bbc.co.uk,Czech Republic,20.55.168.212,18.07036,49.10778,21,0.48
406,Carlos,Simmons,csimmonsb9@php.net,Sierra Leone,138.25.246.97,-12.15,8.26667,73,0.45
407,Gloria,Carr,gcarrba@shutterfly.com,Indonesia,103.17.201.251,109.11167,-7.595,33,0.63
408,Adam,Bradley,abradleybb@prlog.org,Norway,240.29.108.185,10.5277,59.8907,41,0.59
409,Sharon,Sims,ssimsbc@imgur.com,Germany,226.235.136.189,13.4,52.5167,23,0.6
410,Larry,Johnson,ljohnsonbd@pcworld.com,Japan,73.96.212.111,139.58333,35.83333,32,0.58
411,Frances,Montgomery,fmontgomerybe@infoseek.co.jp,China,57.86.9.175,118.31786,31.87078,67,0.59
412,Ryan,Butler,rbutlerbf@comcast.net,Vietnam,199.127.52.70,106.12704,21.38748,98,0.52
413,Paul,Hunt,phuntbg@prlog.org,Japan,214.161.206.246,139.51684,36.06868,72,0.51
414,Ann,White,awhitebh@oakley.com,Philippines,235.158.185.78,121.27806,13.17722,88,0.55
415,Howard,Cox,hcoxbi@paypal.com,Indonesia,20.52.139.24,121.5146,-8.8043,63,0.48
416,Amanda,Ward,awardbj@deviantart.com,Canada,209.29.98.189,-79.06627,43.10012,47,0.44
417,Lisa,Richardson,lrichardsonbk@ucoz.com,France,172.76.31.221,-3.3667,47.75,94,0.31
418,Heather,Marshall,hmarshallbl@hc360.com,Colombia,69.253.176.227,-74.56667,5.26667,63,0.5
419,Paula,Fowler,pfowlerbm@apache.org,Philippines,221.234.139.145,120.6519,17.5647,55,0.43
420,Rose,Gibson,rgibsonbn@symantec.com,Russia,235.62.93.124,27.91384,57.0679,65,0.4
421,Shirley,Kim,skimbo@blogtalkradio.com,China,14.200.165.235,117.16312,26.90053,76,0.29
422,Wanda,Greene,wgreenebp@stanford.edu,Thailand,91.115.124.142,104.1451,15.79408,51,0.57
423,Ruby,Holmes,rholmesbq@cdbaby.com,Brazil,15.197.138.28,-53.39444,-27.35917,87,0.54
424,Joshua,Davis,jdavisbr@sourceforge.net,Honduras,148.180.211.169,-88.07473,14.87649,18,0.39
425,Phillip,Webb,pwebbbs@linkedin.com,China,72.251.231.45,116.49618,27.2122,82,0.62
426,Gregory,Gardner,ggardnerbt@pbs.org,Greece,135.241.237.207,22.94583,39.36667,99,0.66
427,Tammy,Carroll,tcarrollbu@twitter.com,Ghana,27.60.155.223,-1.28657,5.70119,53,0.63
428,Laura,Lynch,llynchbv@hostgator.com,China,46.60.234.242,108.41164,31.08125,94,0.62
429,Peter,Bishop,pbishopbw@bigcartel.com,China,180.105.95.122,118.07778,30.50419,97,0.5
430,Annie,Fisher,afisherbx@webs.com,China,43.249.159.94,118.29393,25.57622,48,0.5
431,Jeremy,Jenkins,jjenkinsby@infoseek.co.jp,Russia,184.239.18.219,46.83746,43.02116,34,0.62
432,Bruce,Lawson,blawsonbz@si.edu,France,244.224.139.163,-1.0903,49.1162,74,0.62
433,Jonathan,Stewart,jstewartc0@parallels.com,Sweden,45.247.204.89,16.5878,59.0583,84,0.61
434,Kimberly,Jackson,kjacksonc1@mit.edu,Madagascar,6.254.138.160,49.05,-13.2,24,0.46
435,Michael,Carter,mcarterc2@joomla.org,Brazil,196.16.41.83,-41.05111,-21.64028,91,0.61
436,Catherine,Butler,cbutlerc3@wordpress.com,Brazil,125.144.10.110,-49.64306,-27.21417,37,0.55
437,Christina,Bradley,cbradleyc4@yellowbook.com,Sweden,195.232.210.42,13.5019,55.4784,79,0.42
438,Edward,Edwards,eedwardsc5@adobe.com,Libya,226.197.95.106,20.59653,32.19,99,0.42
439,Aaron,Cook,acookc6@phoca.cz,Vietnam,227.57.84.6,109.04888,14.17182,37,0.73
440,Joshua,Wagner,jwagnerc7@sciencedaily.com,Bulgaria,110.87.111.203,23.5625,43.21,66,0.5
441,Jane,Duncan,jduncanc8@sourceforge.net,New Zealand,86.175.101.128,174.87986,-36.99282,21,0.47
442,Todd,Bennett,tbennettc9@amazon.co.uk,China,75.112.234.161,121.66667,44.2,12,0.42
443,Sarah,Wood,swoodca@globo.com,Vietnam,71.180.81.189,105.92168,9.96261,85,0.54
444,Timothy,Burns,tburnscb@mashable.com,China,186.52.179.111,113.07734,30.23973,28,0.51
445,Kathleen,Scott,kscottcc@istockphoto.com,Indonesia,236.155.190.76,96.33172,2.52582,37,0.65
446,Patrick,Stone,pstonecd@nymag.com,Greece,40.219.191.34,26.20806,39.23278,77,0.31
447,Margaret,Parker,mparkerce@google.pl,Philippines,234.252.151.113,120.83472,14.13056,11,0.79
448,Janet,Larson,jlarsoncf@un.org,Myanmar,206.195.80.91,96.13874,20.43189,16,0.55
449,Paul,Morrison,pmorrisoncg@jugem.jp,China,212.25.203.203,104.21667,28.61667,40,0.35
450,Johnny,Campbell,jcampbellch@theguardian.com,Poland,195.77.171.234,20.39929,50.31993,37,0.58
451,David,Hawkins,dhawkinsci@columbia.edu,Philippines,161.84.244.220,126.06417,8.07222,100,0.53
452,Ruth,Diaz,rdiazcj@tiny.cc,Peru,13.140.67.163,-71.56722,-14.02694,72,0.43
453,Alice,Flores,afloresck@sitemeter.com,South Africa,150.231.1.206,27.42396,-32.57076,26,0.51
454,Brenda,Reynolds,breynoldscl@wp.com,Armenia,149.85.194.27,45.47033,40.83947,87,0.58
455,Peter,Stephens,pstephenscm@toplist.cz,Canada,151.184.195.10,-112.81856,49.69999,58,0.51
456,Katherine,Little,klittlecn@weather.com,Syria,57.37.176.178,40.60833,34.85444,98,0.53
457,Samuel,Peterson,spetersonco@sina.com.cn,China,151.110.19.143,114.22678,23.86287,49,0.31
458,Catherine,Gonzalez,cgonzalezcp@nytimes.com,Peru,230.52.194.62,-71.47667,-16.54722,20,0.39
459,Elizabeth,Welch,ewelchcq@nba.com,Indonesia,5.212.207.95,111.6054,-7.1257,26,0.41
460,Christina,Coleman,ccolemancr@parallels.com,Portugal,183.106.23.166,-7.4143,41.6333,83,0.55
461,Virginia,Schmidt,vschmidtcs@creativecommons.org,Cyprus,235.231.77.204,32.40191,34.82217,27,0.62
462,John,Garrett,jgarrettct@princeton.edu,Canada,88.86.57.236,-72.0158,45.78337,80,0.64
463,Lois,Mccoy,lmccoycu@reddit.com,Brazil,192.6.242.16,-45.09139,-21.09083,70,0.61
464,Adam,Williams,awilliamscv@nydailynews.com,China,4.67.27.54,116.79167,33.97444,43,0.62
465,Mildred,Ruiz,mruizcw@wiley.com,Nigeria,241.73.66.134,7.0793,5.93576,51,0.61
466,Fred,Cox,fcoxcx@tmall.com,Belarus,106.222.0.65,30.9863,54.2862,93,0.51
467,Ruby,Powell,rpowellcy@youku.com,Greece,233.10.200.54,22.03145,38.28212,50,0.54
468,Edward,Myers,emyerscz@nbcnews.com,Poland,211.128.151.158,19.00479,49.91342,86,0.59
469,Thomas,Johnson,tjohnsond0@webs.com,Indonesia,98.42.209.149,123.0326,-10.7731,99,0.61
470,Janice,Stone,jstoned1@gravatar.com,Armenia,238.175.220.21,44.25157,40.09666,68,0.66
471,Andrew,Bell,abelld2@jimdo.com,United States,190.239.32.138,-122.3249,47.4441,34,0.34
472,Mary,Green,mgreend3@google.de,Philippines,192.190.69.189,125.78417,8.45611,90,0.4
473,Kimberly,Burton,kburtond4@vinaora.com,Indonesia,108.200.71.196,121.8186,-8.6028,33,0.49
474,Nicholas,Scott,nscottd5@samsung.com,Russia,165.111.40.207,104.2494,56.7032,44,0.37
475,Mary,Reynolds,mreynoldsd6@fema.gov,France,170.211.218.178,2.3391,48.7038,74,0.61
476,Mark,Mason,mmasond7@goodreads.com,Mongolia,43.246.2.71,102.62278,48.66306,56,0.57
477,Dennis,Fields,dfieldsd8@ox.ac.uk,China,53.214.144.177,116.83333,48.66667,12,0.4
478,Ruth,Richards,rrichardsd9@fc2.com,Germany,166.144.65.191,9.8667,51.3333,58,0.63
479,Karen,Harris,kharrisda@github.com,China,238.25.58.54,114.00785,28.46186,97,0.38
480,Kathryn,Montgomery,kmontgomerydb@chicagotribune.com,North Korea,5.184.46.17,128.15972,40.02472,79,0.83
481,Larry,Peterson,lpetersondc@go.com,China,26.76.61.231,115.66062,28.15313,57,0.51
482,Donald,Anderson,dandersondd@bing.com,Burkina Faso,204.72.157.87,-1.2971,12.58186,92,0.45
483,Sarah,Brooks,sbrooksde@java.com,Indonesia,25.124.76.202,123.5226,-8.4985,21,0.43
484,Martha,Carpenter,mcarpenterdf@guardian.co.uk,Brazil,49.21.240.38,-44.9325,-21.97722,42,0.59
485,Raymond,Carr,rcarrdg@soup.io,Portugal,179.238.184.72,-8.2378,40.9349,41,0.67
486,Donna,Alvarez,dalvarezdh@mail.ru,China,10.37.167.209,120.76316,52.18427,39,0.65
487,Irene,Kelley,ikelleydi@bloglovin.com,Philippines,38.220.56.123,126.56,7.57389,91,0.44
488,Eric,Moore,emooredj@last.fm,Indonesia,73.54.231.180,117.18602,-8.75815,36,0.4
489,Philip,Nelson,pnelsondk@dedecms.com,Philippines,99.191.186.240,123.91417,12.97722,79,0.47
490,Carl,Ruiz,cruizdl@ebay.co.uk,Indonesia,6.162.175.215,116.8532,-8.7433,79,0.44
491,Carlos,Sims,csimsdm@hp.com,Indonesia,72.123.205.227,108.2558,-7.308,62,0.62
492,Patricia,Montgomery,pmontgomerydn@nps.gov,Afghanistan,165.112.188.102,68.95091,34.58787,58,0.51
493,Phyllis,Johnson,pjohnsondo@eepurl.com,Philippines,69.142.106.191,121.43082,18.33644,91,0.41
494,Harry,Harper,hharperdp@nasa.gov,Brazil,150.111.248.59,-38.88472,-4.32861,43,0.4
495,Laura,Gonzales,lgonzalesdq@yale.edu,China,16.224.214.59,129.0949,44.57581,84,0.55
496,Earl,Moreno,emorenodr@seattletimes.com,Philippines,61.159.133.145,120.59794,15.48017,87,0.55
497,George,Bell,gbellds@rambler.ru,Portugal,44.189.188.57,-8.486,39.6151,53,0.54
498,Pamela,Montgomery,pmontgomerydt@usnews.com,Indonesia,12.228.248.97,112.4365,-8.1348,53,0.57
499,Louise,Moore,lmooredu@ebay.com,United States,106.1.20.6,-96.341,30.6521,51,0.56
500,Peter,Powell,ppowelldv@house.gov,Portugal,47.101.250.12,-8.4378,41.8933,18,0.54
501,Martin,Foster,mfosterdw@parallels.com,Palestinian Territory,55.32.94.154,35.38476,32.42228,54,0.5
502,Katherine,Pierce,kpiercedx@ask.com,Somalia,111.143.102.63,50.8122,9.4942,56,0.49
503,Juan,Foster,jfosterdy@mysql.com,Philippines,36.217.23.205,122.9907,10.4896,56,0.64
504,Irene,Thompson,ithompsondz@networksolutions.com,Brazil,222.167.205.123,-50.45167,-18.44833,70,0.4
505,Michael,Kim,mkime0@pcworld.com,Czech Republic,92.193.22.84,16.91757,49.03828,61,0.59
506,James,Carpenter,jcarpentere1@house.gov,Indonesia,5.186.205.53,106.121,-6.3788,49,0.42
507,Ryan,Evans,revanse2@google.fr,Australia,199.87.133.193,147.1347,-41.4388,99,0.69
508,Emily,Vasquez,evasqueze3@europa.eu,Philippines,66.135.138.170,124.60972,8.18806,82,0.42
509,Martha,Peters,mpeterse4@gmpg.org,China,32.100.158.74,116.6156,29.07511,18,0.41
510,Walter,Stephens,wstephense5@hugedomains.com,Kazakhstan,193.70.44.29,70.47841,42.43781,60,0.36
511,David,Morales,dmoralese6@prnewswire.com,Brazil,72.28.183.179,-45.43028,-21.55139,65,0.58
512,Sandra,Rivera,sriverae7@arstechnica.com,Germany,6.18.133.28,12.3833,51.3667,76,0.46
513,Howard,Harvey,hharveye8@irs.gov,Thailand,44.171.135.159,98.38523,7.8894,60,0.57
514,Earl,Medina,emedinae9@hibu.com,Russia,199.25.81.159,38.15376,45.26853,73,0.49
515,Joseph,Gutierrez,jgutierrezea@addtoany.com,Philippines,31.76.188.149,124.31098,10.16018,35,0.49
516,Willie,Walker,wwalkereb@aboutads.info,French Polynesia,145.251.45.137,-149.33333,-17.53333,57,0.55
517,Larry,Mcdonald,lmcdonaldec@seattletimes.com,Israel,141.89.4.15,34.70659,31.78737,50,0.45
518,Maria,Crawford,mcrawforded@diigo.com,Japan,3.4.184.119,139.7,36.13333,10,0.55
519,Sarah,Bailey,sbaileyee@blogtalkradio.com,Portugal,128.51.86.178,-8.8782,38.4111,35,0.44
520,Edward,Reynolds,ereynoldsef@gizmodo.com,Czech Republic,31.217.140.35,15.59124,49.3961,19,0.59
521,Susan,Taylor,stayloreg@rediff.com,China,34.118.199.37,82.1475,41.76611,39,0.52
522,Charles,Mason,cmasoneh@yahoo.co.jp,China,92.220.156.37,121.62139,29.60444,40,0.35
523,Michelle,Schmidt,mschmidtei@yellowpages.com,Palestinian Territory,177.65.13.70,35.19536,32.11381,56,0.46
524,Ruby,Jordan,rjordanej@washington.edu,Argentina,142.148.80.125,-61.34441,-27.60816,32,0.63
525,Evelyn,Wallace,ewallaceek@zimbio.com,Honduras,81.77.33.110,-85.76996,15.21231,95,0.63
526,Douglas,Rodriguez,drodriguezel@shareasale.com,China,8.61.117.36,112.48365,32.12145,75,0.32
527,Nicholas,Willis,nwillisem@foxnews.com,Poland,226.47.26.30,19.32461,49.90492,17,0.4
528,Jason,Meyer,jmeyeren@independent.co.uk,Argentina,132.217.13.62,-63.92413,-34.01472,54,0.58
529,Billy,Austin,baustineo@phoca.cz,Ukraine,46.76.142.25,23.61667,49.5,62,0.55
530,Dennis,Welch,dwelchep@goo.gl,Russia,248.157.207.1,38.47134,55.59754,59,0.45
531,Janet,Howell,jhowelleq@discovery.com,Russia,52.12.116.227,58.9813,51.381,31,0.51
532,Evelyn,Medina,emedinaer@unc.edu,Brazil,82.126.34.253,-47.61417,-23.50528,97,0.58
533,Peter,Simpson,psimpsones@tuttocitta.it,Bulgaria,25.97.224.240,26.81667,42.15,91,0.51
534,Gary,Carter,gcarteret@toplist.cz,Peru,83.90.148.96,-75.65,-13.2,11,0.65
535,Sharon,Henry,shenryeu@blogspot.com,Latvia,220.193.191.199,21.16156,56.16314,76,0.47
536,Rebecca,Thomas,rthomasev@sbwire.com,Greece,135.224.164.47,21.70486,36.81973,67,0.49
537,Judy,Elliott,jelliottew@admin.ch,Japan,93.194.135.241,136.78333,36.88333,93,0.45
538,Earl,Thomas,ethomasex@yellowpages.com,Thailand,76.36.73.182,102.29823,13.45177,33,0.35
539,Margaret,Collins,mcollinsey@sakura.ne.jp,Indonesia,156.238.8.175,111.4102,-6.9764,53,0.56
540,Lori,Scott,lscottez@jigsy.com,Puerto Rico,101.232.167.235,-65.9599,18.3735,87,0.53
541,Kevin,Cunningham,kcunninghamf0@cornell.edu,Poland,171.196.223.177,14.28961,53.72256,68,0.59
542,Adam,James,ajamesf1@miitbeian.gov.cn,Indonesia,219.155.254.89,107.9504,-7.1994,79,0.47
543,Eugene,Schmidt,eschmidtf2@hubpages.com,Poland,120.215.107.59,14.82914,51.67639,36,0.37
544,Anthony,Morgan,amorganf3@t.co,China,117.72.249.248,111.19389,29.28833,25,0.58
545,Justin,Cox,jcoxf4@sogou.com,Philippines,100.148.104.221,120.7359,16.9909,85,0.42
546,Gary,Carpenter,gcarpenterf5@mashable.com,Suriname,250.231.97.11,-56.31667,5.88333,64,0.61
547,Timothy,Watkins,twatkinsf6@google.com,Canada,213.100.42.177,-108.2967,52.77972,78,0.63
548,Diane,Gardner,dgardnerf7@vk.com,Russia,98.239.107.158,73.33333,61.23333,72,0.46
549,Dennis,Garza,dgarzaf8@weibo.com,Russia,182.120.186.78,42.58667,45.39972,28,0.52
550,Cynthia,Kim,ckimf9@weebly.com,United States,15.35.253.72,-118.3012,34.0585,92,0.52
551,Kathy,Burke,kburkefa@pen.io,Indonesia,197.17.149.125,115.1173,-8.4609,44,0.73
552,Roger,Oliver,roliverfb@mail.ru,China,62.3.65.178,117.89278,25.59278,14,0.53
553,Louis,Fernandez,lfernandezfc@tinypic.com,Portugal,73.78.225.161,-8.4664,40.9973,32,0.56
554,William,Adams,wadamsfd@hexun.com,Russia,18.228.4.106,37.95806,55.9325,96,0.36
555,Aaron,Cole,acolefe@ed.gov,United States,12.147.137.4,-77.1395,38.8836,38,0.67
556,Philip,Edwards,pedwardsff@oracle.com,Russia,39.193.255.136,30.48328,60.06364,85,0.38
557,Joseph,Ortiz,jortizfg@toplist.cz,Iran,11.124.124.74,51.7267,35.308,70,0.65
558,Sandra,Rivera,sriverafh@adobe.com,Poland,172.128.250.218,17.41329,52.36496,27,0.54
559,Emily,Murphy,emurphyfi@usda.gov,Portugal,185.76.78.244,-8,40.94,46,0.5
560,Kathryn,Knight,kknightfj@quantcast.com,Canada,24.143.98.142,-72.5477,46.34515,53,0.62
561,Rose,Gilbert,rgilbertfk@goodreads.com,Syria,4.162.212.135,35.63198,32.90871,28,0.48
562,Janet,Henry,jhenryfl@paginegialle.it,Brazil,7.151.246.235,-56.44611,-14.40861,34,0.7
563,Steven,Martin,smartinfm@mlb.com,Indonesia,223.194.61.147,111.7829,-8.2156,83,0.51
564,Ralph,Sanders,rsandersfn@fastcompany.com,Portugal,96.106.109.141,-8.3917,40.1458,26,0.61
565,Frances,Holmes,fholmesfo@pagesperso-orange.fr,Peru,155.123.142.213,-73.76667,-15.1,100,0.5
566,Charles,Romero,cromerofp@va.gov,Vietnam,139.239.30.237,108.00759,14.35452,19,0.57
567,Theresa,Wells,twellsfq@army.mil,Indonesia,240.175.161.184,112.42704,-7.48315,97,0.42
568,Theresa,Duncan,tduncanfr@goo.ne.jp,Portugal,160.115.43.110,-7.4329,41.0522,28,0.66
569,Charles,White,cwhitefs@ebay.co.uk,Russia,16.225.116.120,43.89028,47.11944,21,0.47
570,Virginia,Green,vgreenft@vistaprint.com,Czech Republic,231.138.144.136,17.74941,49.77445,63,0.56
571,Ryan,Burke,rburkefu@clickbank.net,China,248.223.247.121,111.61362,21.74285,97,0.41
572,Theresa,Nelson,tnelsonfv@slideshare.net,Russia,18.124.77.227,51.25704,53.92293,87,0.6
573,Margaret,Pierce,mpiercefw@bluehost.com,Colombia,198.86.113.168,-75.48749,5.40733,20,0.48
574,Benjamin,Simmons,bsimmonsfx@engadget.com,Russia,29.21.222.34,99.63042,54.70375,96,0.42
575,Paul,Brown,pbrownfy@chicagotribune.com,Japan,104.64.181.111,127.675,26.185,77,0.56
576,Judith,Woods,jwoodsfz@blinklist.com,Brazil,113.130.148.91,-45.54361,-20.0225,96,0.5
577,Raymond,Phillips,rphillipsg0@51.la,Canada,34.157.204.121,-67.43134,48.46382,85,0.49
578,Todd,Reynolds,treynoldsg1@topsy.com,Spain,72.61.14.253,-7.556,43.0099,46,0.63
579,Michelle,Young,myoungg2@myspace.com,Sweden,132.243.214.210,14.979,56.5247,87,0.41
580,Maria,Austin,mausting3@w3.org,Philippines,170.56.7.152,124.16276,8.18603,66,0.34
581,Tammy,Jacobs,tjacobsg4@webnode.com,Tanzania,152.5.212.216,33.85,-8.85,89,0.38
582,Joan,Castillo,jcastillog5@dailymail.co.uk,Germany,186.113.121.13,13.3366,52.4584,48,0.4
583,Howard,Ramos,hramosg6@narod.ru,Slovenia,22.51.184.247,15.22639,46.61417,76,0.51
584,Janet,Kennedy,jkennedyg7@jiathis.com,Indonesia,27.58.11.165,108.101,-7.0985,40,0.47
585,Denise,Sims,dsimsg8@google.co.jp,Indonesia,220.183.95.54,119.9413,-2.9252,71,0.52
586,Keith,Ferguson,kfergusong9@xing.com,Russia,60.131.231.91,48.51784,55.84376,69,0.52
587,Melissa,Jacobs,mjacobsga@com.com,Argentina,95.226.68.250,-59.105,-34.57028,72,0.46
588,Lisa,Kim,lkimgb@google.cn,Brazil,0.252.34.105,-52.40667,-28.26278,93,0.52
589,Sharon,Hamilton,shamiltongc@slate.com,Indonesia,45.78.86.42,110.70444,-7.59083,17,0.48
590,Diane,Gomez,dgomezgd@istockphoto.com,Cyprus,208.63.174.113,33.6233,34.92291,30,0.39
591,Shawn,George,sgeorgege@phpbb.com,Finland,158.4.253.117,23.43389,59.97359,22,0.36
592,Bruce,Fisher,bfishergf@usatoday.com,Bosnia and Herzegovina,90.138.31.75,16.99887,43.72295,12,0.35
593,Louis,Larson,llarsongg@yolasite.com,Sweden,67.245.41.14,16.5077,59.3666,46,0.5
594,Michael,Harrison,mharrisongh@ed.gov,Philippines,97.90.144.251,123.3898,13.3593,79,0.61
595,Diane,Henry,dhenrygi@google.com.br,China,241.178.57.164,107.31952,29.44593,30,0.41
596,Susan,Little,slittlegj@posterous.com,China,112.44.53.178,107.36111,35.33194,77,0.56
597,Lisa,Wheeler,lwheelergk@hexun.com,Sri Lanka,113.96.191.29,80.3982,9.3961,24,0.62
598,Judith,Murray,jmurraygl@biglobe.ne.jp,Russia,157.70.144.124,53.68348,63.56705,20,0.55
599,Denise,Butler,dbutlergm@tinypic.com,Japan,161.84.98.251,130.66667,31.73333,68,0.61
600,Joseph,Evans,jevansgn@pbs.org,Thailand,238.30.49.157,101.21295,14.20463,71,0.49
601,Arthur,Fox,afoxgo@mtv.com,Russia,53.107.63.70,41.95171,44.9589,56,0.46
602,Craig,Patterson,cpattersongp@sfgate.com,Thailand,204.173.145.39,100.41075,7.08953,24,0.52
603,Dennis,Gonzales,dgonzalesgq@amazon.com,China,156.0.120.80,104.50484,31.30497,46,0.45
604,Russell,Elliott,relliottgr@quantcast.com,Brazil,172.132.12.31,-48.77361,-21.01639,96,0.36
605,Peter,Stanley,pstanleygs@addthis.com,China,15.114.78.106,94.99059,40.5385,41,0.56
606,Jacqueline,Turner,jturnergt@cnet.com,Indonesia,143.243.5.223,108.2105,-7.5866,45,0.45
607,Denise,Matthews,dmatthewsgu@usda.gov,China,126.213.120.180,108.02711,29.91369,62,0.36
608,Ruby,Young,ryounggv@netscape.com,France,243.213.219.39,2.9871,50.6436,34,0.44
609,Pamela,Weaver,pweavergw@google.pl,China,30.19.14.135,119.59314,32.76154,45,0.61
610,Maria,Chavez,mchavezgx@nymag.com,United States,11.248.42.240,-81.5547,38.2968,63,0.47
611,Angela,Gray,agraygy@aboutads.info,Russia,146.253.187.250,36.22785,55.95771,12,0.56
612,Earl,Porter,eportergz@stanford.edu,China,143.149.223.114,102.73886,24.18252,49,0.48
613,Tammy,Riley,trileyh0@soundcloud.com,Afghanistan,30.224.139.50,68.23801,32.68567,43,0.47
614,Russell,Henry,rhenryh1@ucoz.ru,Czech Republic,83.97.92.64,14.55822,50.09283,45,0.28
615,Margaret,Griffin,mgriffinh2@ifeng.com,Thailand,229.110.90.234,100.24215,15.14616,85,0.4
616,Gloria,Spencer,gspencerh3@flickr.com,Brazil,102.132.13.118,-48.36583,-21.60333,36,0.54
617,Adam,Cooper,acooperh4@gravatar.com,Myanmar,232.88.214.14,95.72373,16.44502,93,0.42
618,Melissa,Burke,mburkeh5@squidoo.com,Indonesia,20.118.249.155,111.4867,-8.2928,43,0.58
619,Ralph,King,rkingh6@baidu.com,Malaysia,40.165.201.122,116.1158,5.9765,15,0.41
620,Teresa,Gardner,tgardnerh7@vk.com,China,106.66.68.73,118.82252,31.38583,56,0.7
621,Janice,Morgan,jmorganh8@elpais.com,Belarus,97.101.156.62,27.8303,53.5248,14,0.4
622,Aaron,White,awhiteh9@vistaprint.com,Iran,177.3.105.29,49.7119,30.2363,21,0.65
623,Larry,Fields,lfieldsha@hostgator.com,Russia,125.87.7.64,43.35274,56.29527,50,0.39
624,Emily,Lynch,elynchhb@hostgator.com,Botswana,182.25.97.202,26.01667,-24.45,14,0.29
625,Nancy,Meyer,nmeyerhc@tamu.edu,Philippines,67.76.112.49,120.7243,15.0279,56,0.53
626,Sarah,Morgan,smorganhd@virginia.edu,Philippines,204.248.13.149,120.55,14.68333,48,0.61
627,Betty,Ellis,bellishe@multiply.com,China,249.13.241.122,121.08464,31.30156,96,0.64
628,James,Holmes,jholmeshf@redcross.org,Brazil,83.22.213.104,-39.11917,-8.07417,82,0.57
629,Carlos,Richards,crichardshg@constantcontact.com,Japan,17.49.245.235,137.85,34.7,95,0.55
630,Randy,Shaw,rshawhh@ebay.com,Jamaica,210.141.191.173,-76.51427,17.96076,46,0.6
631,Kimberly,Parker,kparkerhi@epa.gov,Taiwan,190.35.48.177,120.33222,23.45944,98,0.49
632,Sarah,Burns,sburnshj@ustream.tv,Russia,253.110.210.153,40.29588,48.33633,99,0.44
633,Emily,Harrison,eharrisonhk@usnews.com,Poland,21.77.201.97,19.42228,50.10186,24,0.32
634,Sharon,Rodriguez,srodriguezhl@addthis.com,Norway,22.183.166.133,5.3242,60.393,33,0.58
635,Mildred,Romero,mromerohm@seesaa.net,Thailand,124.99.130.137,98.89572,18.62828,57,0.49
636,Henry,Hall,hhallhn@instagram.com,China,30.36.30.19,95.30741,29.31329,24,0.39
637,Norma,Harrison,nharrisonho@hatena.ne.jp,Russia,244.132.201.223,37.60404,55.65928,38,0.5
638,Margaret,Diaz,mdiazhp@discovery.com,Greece,198.84.213.160,26.95889,36.74528,72,0.4
639,Raymond,Stanley,rstanleyhq@phpbb.com,China,254.28.218.146,113.97222,32.98417,61,0.57
640,Phyllis,Gardner,pgardnerhr@exblog.jp,Morocco,224.15.159.174,-2.16,34.31,38,0.43
641,Kelly,Lewis,klewishs@umich.edu,Cuba,137.116.135.118,-76.29944,20.96917,49,0.49
642,Juan,Stevens,jstevensht@ebay.com,Lesotho,202.94.225.45,27.89914,-28.8866,49,0.54
643,Maria,Collins,mcollinshu@discovery.com,Indonesia,238.166.253.152,113.8413,-8.0838,88,0.71
644,Earl,Henry,ehenryhv@aboutads.info,Portugal,25.82.91.118,-9.15,38.6833,15,0.64
645,Tina,Wilson,twilsonhw@statcounter.com,China,208.160.46.168,121.59184,29.7744,11,0.37
646,Christina,Gonzales,cgonzaleshx@pen.io,Poland,15.102.151.233,22.72676,52.72439,93,0.42
647,Kimberly,Perry,kperryhy@networksolutions.com,China,120.181.26.238,100.49931,25.32037,49,0.36
648,Gerald,Burton,gburtonhz@narod.ru,Ukraine,24.73.13.109,24.89423,48.51551,96,0.41
649,Rebecca,Burke,rburkei0@zimbio.com,South Africa,146.41.245.220,20.44171,-34.02262,97,0.46
650,Matthew,Romero,mromeroi1@flavors.me,Thailand,251.238.199.20,101.16056,16.41904,73,0.29
651,Sean,Bowman,sbowmani2@flavors.me,Estonia,121.10.253.111,22.74917,58.99778,22,0.35
652,Sean,Ortiz,sortizi3@hibu.com,Germany,179.179.86.203,10.7583,53.8922,68,0.57
653,Jeffrey,Frazier,jfrazieri4@mozilla.org,Nigeria,111.96.93.38,7.6653,11.91294,86,0.62
654,Willie,Perry,wperryi5@paginegialle.it,Japan,140.186.188.167,137.07576,36.77957,59,0.65
655,Amy,Berry,aberryi6@technorati.com,China,57.194.110.98,102.7897,35.77054,39,0.67
656,Karen,Hall,khalli7@salon.com,China,65.118.222.0,115.95929,23.42269,28,0.54
657,Catherine,Rodriguez,crodriguezi8@google.es,South Korea,251.66.76.46,126.46577,37.7636,66,0.58
658,Ashley,Peters,apetersi9@theatlantic.com,Brazil,37.249.26.245,-46.72694,-23.32167,86,0.58
659,Pamela,Smith,psmithia@naver.com,Pakistan,125.201.0.5,73.43333,31.33333,70,0.61
660,Anna,George,ageorgeib@ameblo.jp,China,52.18.84.6,111.8475,22.34417,88,0.6
661,Brandon,Montgomery,bmontgomeryic@live.com,Philippines,10.206.229.14,122.07389,6.91028,54,0.49
662,Beverly,Williams,bwilliamsid@deliciousdays.com,China,47.92.114.226,119.9475,27.66528,47,0.56
663,Pamela,Fuller,pfullerie@usda.gov,Czech Republic,110.191.162.219,13.79473,50.37009,97,0.51
664,Mark,Porter,mporterif@moonfruit.com,Philippines,5.75.59.62,122.3574,10.67086,28,0.45
665,Carl,James,cjamesig@google.es,Syria,13.192.84.9,40.32227,35.23194,78,0.46
666,Ruth,Weaver,rweaverih@nbcnews.com,China,3.96.17.93,106.26529,29.98497,96,0.54
667,Jane,Rogers,jrogersii@ovh.net,Yemen,26.91.59.221,44.32414,13.91581,37,0.3
668,Deborah,Olson,dolsonij@nifty.com,Mexico,23.63.104.43,-101.6841,27.3865,74,0.49
669,Randy,Greene,rgreeneik@163.com,Sweden,197.139.25.79,17.9872,59.3059,14,0.38
670,Beverly,Mcdonald,bmcdonaldil@wordpress.com,Indonesia,14.3.38.77,108.5809,-7.032,62,0.64
671,Albert,Mccoy,amccoyim@booking.com,New Zealand,117.251.109.249,171.25,-44.4,88,0.6
672,Alice,Bailey,abaileyin@unblog.fr,Japan,149.145.231.120,140.55,35.93333,31,0.59
673,Joshua,Sullivan,jsullivanio@nbcnews.com,Indonesia,134.10.249.230,108.5937,-7.2767,45,0.46
674,Kathy,Frazier,kfrazierip@exblog.jp,Indonesia,187.207.57.167,108.1064,-7.6231,19,0.53
675,Carol,Mills,cmillsiq@redcross.org,China,157.166.74.29,102.18001,27.40809,27,0.57
676,Cynthia,Peters,cpetersir@nasa.gov,Nepal,12.24.103.14,83.44836,27.70055,35,0.63
677,Cheryl,Fernandez,cfernandezis@blogspot.com,Ethiopia,154.139.85.22,39.48333,8.31667,33,0.42
678,Evelyn,Nichols,enicholsit@aol.com,Indonesia,241.252.57.17,107.0475,-7.2582,49,0.55
679,Bruce,Ortiz,bortiziu@etsy.com,Albania,156.202.35.215,19.62,41.65028,56,0.43
680,Ernest,Henry,ehenryiv@nymag.com,Indonesia,207.111.229.8,100.11997,-0.61898,28,0.52
681,Donna,Castillo,dcastilloiw@reddit.com,Ecuador,209.12.138.165,-80.71271,-0.96212,17,0.5
682,Bruce,Evans,bevansix@answers.com,China,198.87.139.118,114.02567,29.89735,89,0.33
683,Wayne,Sullivan,wsullivaniy@goo.ne.jp,United States,232.222.128.135,-111.8581,40.7372,85,0.64
684,Nicholas,Alvarez,nalvareziz@ted.com,Brazil,154.175.248.180,-51.17083,-22.14583,19,0.52
685,Beverly,Carter,bcarterj0@deliciousdays.com,Bosnia and Herzegovina,199.142.87.247,18.69274,44.22669,32,0.38
686,Jesse,Freeman,jfreemanj1@wikia.com,Iran,66.31.71.144,60.2143,26.2258,55,0.32
687,Philip,Ferguson,pfergusonj2@issuu.com,China,40.135.27.191,115.7329,28.29199,37,0.37
688,Joe,Howell,jhowellj3@naver.com,China,38.243.222.59,120.35296,29.85668,94,0.55
689,Carol,Price,cpricej4@mysql.com,Indonesia,248.95.6.36,105.9694,-6.4197,93,0.76
690,Matthew,Shaw,mshawj5@noaa.gov,France,43.179.157.109,7.3622,48.7416,10,0.42
691,Juan,King,jkingj6@infoseek.co.jp,France,120.83.250.198,2.4,47.0833,20,0.36
692,Wayne,Cruz,wcruzj7@shareasale.com,Greece,7.197.35.136,24.40687,40.93959,68,0.26
693,Terry,Powell,tpowellj8@ted.com,China,214.219.39.216,117.03548,28.89809,61,0.35
694,Carlos,Martinez,cmartinezj9@cyberchimps.com,Malta,12.46.31.172,14.46824,35.84763,46,0.52
695,Laura,Webb,lwebbja@nytimes.com,Brazil,244.75.246.243,-45.97694,-20.00639,87,0.68
696,Karen,Welch,kwelchjb@joomla.org,Tunisia,57.137.203.207,10.0982,33.88146,81,0.57
697,Andrea,Burns,aburnsjc@netscape.com,South Korea,250.156.107.239,127.73417,37.87472,88,0.63
698,Billy,Mcdonald,bmcdonaldjd@latimes.com,Bahrain,46.115.154.4,50.54778,26.21861,47,0.45
699,Roger,Rodriguez,rrodriguezje@mediafire.com,Thailand,155.183.153.17,100.12218,14.47418,13,0.48
700,Jeremy,Phillips,jphillipsjf@guardian.co.uk,China,16.43.12.174,111.19919,30.22109,16,0.43
701,Lawrence,Fernandez,lfernandezjg@paypal.com,Philippines,223.29.232.183,122.17889,7.12139,16,0.52
702,Carlos,Cruz,ccruzjh@prnewswire.com,Brazil,184.72.114.58,-41.50528,-17.8575,36,0.51
703,Frank,Burke,fburkeji@cyberchimps.com,Norway,32.103.119.176,10.6432,59.9469,47,0.41
704,Alan,Reyes,areyesjj@foxnews.com,Netherlands,48.75.68.171,4.776,51.5866,51,0.48
705,Phillip,Kelley,pkelleyjk@shop-pro.jp,Jamaica,143.104.101.130,-77.95112,18.29504,18,0.52
706,Marie,Henry,mhenryjl@vistaprint.com,Norway,204.219.27.244,10.3303,63.3855,39,0.29
707,Kathryn,Mitchell,kmitchelljm@boston.com,Azerbaijan,113.1.57.57,50.04002,40.56441,44,0.66
708,Terry,Thomas,tthomasjn@google.com.hk,China,162.157.163.97,108.88038,28.52485,31,0.48
709,Linda,Murphy,lmurphyjo@globo.com,China,42.161.37.234,112.28389,39.52,68,0.69
710,Jeffrey,Henderson,jhendersonjp@tuttocitta.it,China,252.74.119.101,118.07942,29.45404,40,0.64
711,Christina,Arnold,carnoldjq@cbsnews.com,Indonesia,102.32.246.49,111.6413,-6.8752,43,0.45
712,Robin,Gray,rgrayjr@psu.edu,Indonesia,251.203.157.53,111.6553,-6.8667,66,0.42
713,Richard,Simpson,rsimpsonjs@cargocollective.com,China,164.63.76.206,112.36858,30.85737,27,0.35
714,Virginia,Chavez,vchavezjt@blogs.com,China,73.153.226.56,112.65834,23.5058,92,0.28
715,Shawn,Nichols,snicholsju@spiegel.de,Poland,116.176.122.144,18.41738,54.6777,59,0.41
716,Donna,Bowman,dbowmanjv@eepurl.com,China,250.11.131.40,109.98812,30.44324,50,0.57
717,Raymond,Payne,rpaynejw@nih.gov,Yemen,140.17.247.194,49.60639,14.75863,60,0.48
718,Johnny,Reyes,jreyesjx@berkeley.edu,Indonesia,118.19.142.179,111.1413,-6.7115,75,0.48
719,Brian,Hall,bhalljy@netscape.com,Iraq,224.180.86.185,44.96057,34.68963,96,0.51
720,Kathryn,Greene,kgreenejz@mlb.com,Portugal,197.176.238.102,-8.6367,41.3067,43,0.66
721,Sandra,Shaw,sshawk0@angelfire.com,Thailand,104.69.12.14,100.42403,13.91783,28,0.64
722,Eugene,Hart,ehartk1@ifeng.com,Nigeria,184.202.32.71,7.87361,8.84861,92,0.4
723,Rebecca,Johnston,rjohnstonk2@hhs.gov,Indonesia,154.167.1.197,109.22,-7.55917,51,0.56
724,Aaron,Chapman,achapmank3@mayoclinic.com,Indonesia,59.111.140.158,106.0291,-6.7429,44,0.39
725,Stephen,Carter,scarterk4@tinyurl.com,Brazil,194.102.181.75,-37.26444,-8.07361,39,0.54
726,Kathryn,Sullivan,ksullivank5@discuz.net,Belize,10.25.125.202,-88.56328,18.08124,66,0.41
727,Ryan,Fox,rfoxk6@deviantart.com,South Korea,77.246.94.117,127.07056,37.15222,38,0.47
728,Jimmy,Morris,jmorrisk7@discovery.com,Sweden,222.10.21.2,23.3661,67.2128,72,0.48
729,Sara,Collins,scollinsk8@cbsnews.com,China,123.78.162.51,118.5522,29.82302,97,0.51
730,Ryan,Chavez,rchavezk9@jalbum.net,Poland,193.117.104.31,18.04865,50.2466,48,0.6
731,Jessica,Jacobs,jjacobska@hatena.ne.jp,Indonesia,96.24.161.24,122.983,-8.4368,56,0.51
732,Kathy,Gordon,kgordonkb@jugem.jp,Russia,28.1.139.252,62.83972,61.19528,19,0.3
733,Richard,Miller,rmillerkc@posterous.com,Albania,147.252.144.229,19.91667,40.80028,15,0.47
734,Barbara,Price,bpricekd@bloglines.com,France,149.244.47.47,1.0458,49.4008,83,0.55
735,Tammy,Willis,twilliske@eventbrite.com,China,104.224.15.206,109.45826,29.46207,48,0.61
736,Julie,Sanchez,jsanchezkf@g.co,Pakistan,119.64.123.229,74.21778,31.25444,43,0.59
737,Cheryl,Hunt,chuntkg@umn.edu,Cuba,27.81.239.28,-76.13167,21.10972,94,0.59
738,Aaron,Alvarez,aalvarezkh@trellian.com,Norway,223.128.25.244,10.6916,60.7957,18,0.43
739,Robin,Olson,rolsonki@reddit.com,Nigeria,22.216.202.147,7.30918,12.44788,12,0.35
740,Patrick,Rogers,progerskj@archive.org,Tanzania,131.226.90.85,38.06667,-4.46667,84,0.5
741,Brenda,Bell,bbellkk@infoseek.co.jp,Serbia,238.85.138.33,19.82222,45.00806,76,0.38
742,Virginia,Fowler,vfowlerkl@chron.com,China,121.76.202.75,116.61685,24.91406,87,0.51
743,Patrick,Morrison,pmorrisonkm@trellian.com,Serbia,33.118.185.152,20.80677,45.53815,85,0.46
744,Stephanie,Alvarez,salvarezkn@rakuten.co.jp,Philippines,60.50.41.72,125.125,8.13806,42,0.52
745,Benjamin,Willis,bwillisko@bloomberg.com,Czech Republic,27.68.204.106,16.52202,49.62735,51,0.37
746,Kevin,Mills,kmillskp@de.vu,Philippines,59.116.172.36,123.58091,12.32974,64,0.57
747,Lawrence,Rogers,lrogerskq@gnu.org,Sweden,169.110.11.36,15.6167,58.4167,52,0.61
748,Samuel,Lopez,slopezkr@4shared.com,Colombia,222.141.55.253,-77.8489,1.1374,66,0.63
749,Chris,Jones,cjonesks@friendfeed.com,Greece,158.216.142.126,22.78333,38.35,71,0.52
750,Antonio,Jordan,ajordankt@pinterest.com,Turks and Caicos Islands,132.208.173.89,-71.14188,21.46122,71,0.5
751,Ann,Davis,adavisku@mit.edu,Thailand,108.218.147.191,101.36864,14.04992,82,0.52
752,Evelyn,Bishop,ebishopkv@ovh.net,Japan,53.124.28.91,132.71124,33.78757,99,0.43
753,Todd,Barnes,tbarneskw@networksolutions.com,Japan,21.182.56.37,139.51393,35.87076,83,0.42
754,Adam,Oliver,aoliverkx@cocolog-nifty.com,Portugal,106.93.244.130,-8.1,40.7667,22,0.63
755,Carolyn,Rogers,crogersky@parallels.com,Canada,220.108.105.109,-79.06627,43.10012,59,0.31
756,Jose,Hawkins,jhawkinskz@indiatimes.com,Indonesia,232.253.24.126,112.5144,-8.1101,94,0.38
757,Tina,Elliott,telliottl0@thetimes.co.uk,China,20.114.3.228,117.31484,29.1497,54,0.59
758,Christina,Fuller,cfullerl1@booking.com,Bulgaria,243.99.242.162,24.45,42.7,67,0.47
759,Ruby,Kelly,rkellyl2@cocolog-nifty.com,Russia,224.126.38.230,28.86321,61.11213,57,0.63
760,Marilyn,Stephens,mstephensl3@geocities.jp,China,26.47.118.149,115.8902,30.13312,92,0.43
761,Donald,Hernandez,dhernandezl4@sciencedirect.com,China,164.182.226.100,106.87361,39.61611,13,0.55
762,Terry,Meyer,tmeyerl5@t-online.de,Peru,208.76.159.59,-70.68333,-16.2,34,0.38
763,Barbara,Hunt,bhuntl6@kickstarter.com,China,83.19.141.93,104.39464,34.04462,40,0.34
764,Maria,Sanders,msandersl7@hud.gov,China,226.64.35.179,118.99698,32.92904,100,0.68
765,Kevin,Castillo,kcastillol8@meetup.com,Argentina,239.243.143.196,-60.94332,-34.58382,32,0.64
766,Kevin,Pierce,kpiercel9@guardian.co.uk,China,91.15.61.192,114.70443,27.27685,56,0.35
767,Benjamin,Crawford,bcrawfordla@examiner.com,Haiti,63.206.176.161,-72.51667,18.55,78,0.35
768,Thomas,Allen,tallenlb@canalblog.com,Brazil,169.55.226.61,-41.62278,-20.15139,14,0.52
769,Shawn,Grant,sgrantlc@timesonline.co.uk,Indonesia,203.100.184.237,106.8388,-7.2747,43,0.57
770,Jessica,Armstrong,jarmstrongld@noaa.gov,Egypt,226.128.67.180,31.8035,26.47686,99,0.51
771,Mark,Turner,mturnerle@xrea.com,China,50.238.162.29,75.42783,38.95303,30,0.46
772,Gary,Burke,gburkelf@myspace.com,China,211.181.225.196,117.02056,25.56309,46,0.47
773,William,Wright,wwrightlg@blogspot.com,Philippines,249.173.93.230,121.32121,13.96383,45,0.37
774,Anna,Reyes,areyeslh@webs.com,Portugal,19.232.91.54,-8.4337,37.1101,57,0.49
775,Gerald,Stevens,gstevensli@mac.com,Russia,246.118.36.191,135.45582,48.46547,88,0.39
776,Joseph,Kelly,jkellylj@google.co.jp,Colombia,44.247.59.5,-74.88682,5.03103,62,0.32
777,Louis,Matthews,lmatthewslk@furl.net,Indonesia,150.112.234.145,114.2099,-8.3044,92,0.34
778,Roy,Knight,rknightll@time.com,China,95.6.243.4,116.25373,27.96406,85,0.53
779,Kathryn,Black,kblacklm@nsw.gov.au,China,167.116.10.34,106.93083,29.17861,35,0.45
780,Joseph,Phillips,jphillipsln@dyndns.org,France,222.65.220.129,2.25,48.7167,32,0.38
781,Diana,Wood,dwoodlo@hugedomains.com,China,236.255.107.3,109.44333,26.97361,98,0.55
782,Arthur,Nelson,anelsonlp@tamu.edu,Russia,42.202.80.13,36.56667,56.48333,50,0.54
783,Tina,Roberts,trobertslq@vk.com,Moldova,81.155.4.187,27.305,48.16806,87,0.24
784,Rose,Barnes,rbarneslr@typepad.com,Russia,156.15.163.242,81.46611,50.99417,73,0.5
785,William,Kim,wkimls@prweb.com,China,63.163.131.23,109.9252,21.49052,62,0.53
786,Roy,Howell,rhowelllt@nba.com,Ireland,112.21.132.232,-6.39821,53.51163,59,0.52
787,Keith,Roberts,krobertslu@bloglines.com,Palestinian Territory,71.102.58.113,35.36421,32.42464,87,0.4
788,Donald,Bradley,dbradleylv@shutterfly.com,South Africa,190.165.213.179,31.89329,-28.76197,22,0.74
789,Amanda,Russell,arusselllw@nhs.uk,Cuba,112.9.143.22,-81.20472,23.0375,77,0.53
790,Teresa,Burke,tburkelx@oaic.gov.au,Indonesia,12.36.214.104,111.2037,-6.7917,74,0.53
791,Kevin,Robertson,krobertsonly@merriam-webster.com,Russia,176.53.208.124,74.6946,54.1721,75,0.53
792,Chris,Pierce,cpiercelz@quantcast.com,Russia,63.58.62.76,43.61889,43.49806,48,0.36
793,Sharon,Crawford,scrawfordm0@pcworld.com,Portugal,3.223.153.194,-7.5292,39.2417,23,0.59
794,Ann,Larson,alarsonm1@usa.gov,Czech Republic,92.159.200.166,17.33269,48.99016,42,0.33
795,Sara,Morrison,smorrisonm2@berkeley.edu,Brazil,201.96.53.105,-51.64333,-23.60306,80,0.44
796,Anne,Mccoy,amccoym3@csmonitor.com,Philippines,246.162.243.124,124.0282,10.9412,46,0.7
797,Wayne,Russell,wrussellm4@acquirethisname.com,France,202.254.190.9,2.2697,48.8846,74,0.41
798,Jose,Wood,jwoodm5@google.com,Indonesia,51.44.110.94,116.2981,-8.5972,94,0.29
799,Lawrence,Wilson,lwilsonm6@unblog.fr,China,234.30.110.157,119.01667,34.08333,79,0.52
800,Catherine,Gibson,cgibsonm7@wp.com,Portugal,120.35.65.80,-9.3,39.2833,69,0.59
801,Judy,Dunn,jdunnm8@networkadvertising.org,China,235.37.233.166,107.73027,29.86864,80,0.68
802,Sara,Collins,scollinsm9@sciencedirect.com,China,212.131.116.42,121.21462,31.76683,76,0.45
803,Tammy,Webb,twebbma@phoca.cz,Argentina,86.214.219.15,-67.70946,-53.78769,66,0.56
804,Maria,Montgomery,mmontgomerymb@youtube.com,Indonesia,9.116.33.219,108.645,-7.3314,88,0.58
805,Roger,Reynolds,rreynoldsmc@friendfeed.com,Uganda,23.255.248.132,32.52222,0.20806,33,0.54
806,Joshua,Ramos,jramosmd@china.com.cn,China,255.23.24.227,112.52846,23.53701,53,0.51
807,Katherine,Garza,kgarzame@si.edu,Mexico,96.14.161.162,-100.2494,22.254,38,0.44
808,Thomas,Cunningham,tcunninghammf@wikispaces.com,China,74.34.27.60,129.56159,42.63935,69,0.66
809,Maria,Diaz,mdiazmg@cpanel.net,France,147.64.73.110,7.3078,43.7047,17,0.55
810,Barbara,James,bjamesmh@senate.gov,Russia,183.54.125.43,44.17444,44.69139,78,0.33
811,Harry,Little,hlittlemi@cyberchimps.com,Panama,114.240.3.78,-82.5,8.68333,43,0.68
812,Frank,Reynolds,freynoldsmj@ed.gov,Brazil,127.82.110.33,-54.06667,-20.41667,22,0.39
813,Betty,Rodriguez,brodriguezmk@intel.com,China,23.40.14.171,121.48663,32.0895,52,0.39
814,Ralph,Gardner,rgardnerml@elegantthemes.com,Nigeria,176.207.19.0,5.1,8.13333,46,0.56
815,Eric,Garza,egarzamm@slate.com,China,253.127.79.146,116.63967,39.83104,94,0.5
816,Joseph,Nelson,jnelsonmn@sciencedirect.com,China,210.159.169.232,127.78258,42.519,69,0.58
817,Lisa,Harvey,lharveymo@youtube.com,China,237.102.7.2,118.44929,31.3133,10,0.48
818,Jeremy,Carr,jcarrmp@youtube.com,Philippines,210.77.236.180,121.9127,18.2472,84,0.56
819,David,Hudson,dhudsonmq@sina.com.cn,Albania,103.117.104.231,20.32361,41.28917,14,0.42
820,Eric,Ward,ewardmr@tuttocitta.it,Thailand,16.70.126.82,99.34975,16.63131,56,0.5
821,Joe,Ross,jrossms@wisc.edu,Russia,25.19.61.88,38.93341,57.71774,31,0.67
822,Walter,Freeman,wfreemanmt@about.com,Indonesia,174.224.236.209,96.19555,4.36901,35,0.65
823,Mary,Patterson,mpattersonmu@oakley.com,Russia,125.19.99.193,40.52313,56.19052,73,0.41
824,Christine,Gibson,cgibsonmv@uiuc.edu,Germany,223.5.60.101,7.107,50.7207,85,0.46
825,Scott,Richardson,srichardsonmw@networkadvertising.org,Portugal,76.31.99.243,,,93,0.37
826,Benjamin,Murphy,bmurphymx@xinhuanet.com,China,111.7.180.57,115.86277,28.24676,31,0.57
827,Christopher,Lawrence,clawrencemy@webmd.com,Philippines,155.33.162.176,121,18.56667,51,0.64
828,Tammy,Stanley,tstanleymz@nsw.gov.au,Brazil,106.3.198.206,-44.36306,-6.37083,69,0.56
829,Emily,Meyer,emeyern0@apache.org,Indonesia,236.194.23.174,114.0254,-6.9735,42,0.46
830,Brian,Gray,bgrayn1@liveinternet.ru,Nepal,74.232.9.161,86.75,26.53333,85,0.57
831,Kenneth,Bailey,kbaileyn2@rakuten.co.jp,Philippines,109.207.227.217,122.8993,10.237,73,0.57
832,Bonnie,Gilbert,bgilbertn3@digg.com,Brazil,42.182.128.91,-67.80222,-2.87306,94,0.65
833,Rebecca,Young,ryoungn4@microsoft.com,Colombia,14.94.241.120,-72.44464,6.40784,42,0.6
834,Bonnie,Hart,bhartn5@amazonaws.com,Thailand,68.140.234.140,99.87617,20.43353,98,0.36
835,Kathryn,Edwards,kedwardsn6@howstuffworks.com,China,205.44.56.177,109.81595,32.14091,16,0.45
836,Alice,Mitchell,amitchelln7@homestead.com,Indonesia,41.10.185.28,113.461,-8.2111,96,0.48
837,Michelle,Parker,mparkern8@state.gov,Portugal,96.151.92.120,-8.4771,41.25,15,0.53
838,Joan,Turner,jturnern9@stumbleupon.com,Peru,210.78.228.20,-77.17333,-11.79917,15,0.37
839,Samuel,Harrison,sharrisonna@dailymail.co.uk,Russia,126.71.136.159,36.68639,53.93933,75,0.51
840,Betty,Sims,bsimsnb@delicious.com,Japan,242.52.138.123,134.16832,33.28662,76,0.64
841,Teresa,Mitchell,tmitchellnc@theatlantic.com,China,234.146.125.158,115.75258,29.32428,97,0.49
842,Marilyn,Carpenter,mcarpenternd@usda.gov,France,123.151.48.238,1.9181,47.9333,42,0.45
843,Philip,Wallace,pwallacene@fema.gov,Japan,203.205.218.146,130.75,32.21667,22,0.62
844,Diana,Bennett,dbennettnf@wikipedia.org,Cuba,147.157.224.46,-74.15181,20.24673,44,0.46
845,Phyllis,Taylor,ptaylorng@hc360.com,Indonesia,28.68.211.109,123.1963,-8.293,66,0.6
846,Nicole,Hansen,nhansennh@usa.gov,Japan,46.115.92.33,139.8,36.41667,63,0.61
847,Roger,Griffin,rgriffinni@csmonitor.com,China,240.152.122.82,123.92333,41.85583,63,0.45
848,Martin,Marshall,mmarshallnj@godaddy.com,Tanzania,161.1.216.225,35.28333,-8.73333,72,0.59
849,Carl,Peterson,cpetersonnk@sciencedirect.com,Czech Republic,187.185.152.237,13.22564,49.6784,56,0.5
850,Thomas,Diaz,tdiaznl@europa.eu,Colombia,17.169.137.31,-75.48316,3.72315,80,0.34
851,Bobby,Campbell,bcampbellnm@quantcast.com,Canada,28.209.221.195,-123.68596,48.84133,15,0.43
852,James,Smith,jsmithnn@trellian.com,Mongolia,19.150.108.92,89.84173,47.98257,18,0.55
853,Timothy,Diaz,tdiazno@chicagotribune.com,Palestinian Territory,47.138.246.1,35.36421,32.42464,83,0.48
854,Willie,Ross,wrossnp@networkadvertising.org,Indonesia,90.176.105.5,125.1895,1.45697,55,0.53
855,Joyce,Weaver,jweavernq@squidoo.com,Vietnam,249.98.145.58,106.15216,22.73738,16,0.63
856,Peter,Schmidt,pschmidtnr@dagondesign.com,Australia,168.74.177.26,147.1347,-41.4388,83,0.43
857,Adam,Cox,acoxns@nymag.com,South Africa,93.55.89.43,26.36246,-31.39676,76,0.47
858,Billy,Anderson,bandersonnt@google.ca,Canada,73.109.57.178,-76.95069,44.24832,68,0.38
859,Todd,Evans,tevansnu@washingtonpost.com,France,89.100.99.121,0.6833,47.3833,77,0.51
860,Aaron,Medina,amedinanv@bloglovin.com,Indonesia,3.125.62.130,114.7166,-3.6184,94,0.44
861,Edward,Perkins,eperkinsnw@mayoclinic.com,Ukraine,19.2.208.59,29.81128,50.46408,90,0.56
862,Billy,Wallace,bwallacenx@theatlantic.com,Syria,86.118.104.59,35.81084,32.99941,22,0.55
863,William,Cox,wcoxny@harvard.edu,Uruguay,124.162.79.174,-57.85,-32.36667,26,0.51
864,Robin,Rivera,rriveranz@phpbb.com,France,198.139.13.118,2.3444,48.8925,24,0.51
865,Brian,Kim,bkimo0@ftc.gov,Philippines,190.171.208.143,123.9146,9.929,42,0.66
866,Gary,King,gkingo1@wikispaces.com,Japan,191.181.165.145,136.98333,34.98333,63,0.55
867,Paula,Ward,pwardo2@paypal.com,Albania,124.145.151.63,20.33611,41.80667,27,0.4
868,Jeffrey,Hanson,jhansono3@skyrock.com,Greenland,123.132.183.69,-56.15485,72.78684,61,0.55
869,John,Jackson,jjacksono4@weebly.com,Vietnam,56.170.126.66,105.65901,21.08902,29,0.44
870,Ann,Gilbert,agilberto5@go.com,Ukraine,247.131.150.105,25.34549,48.36612,50,0.42
871,John,Scott,jscotto6@google.co.uk,Indonesia,253.173.13.124,114.2497,-8.3561,98,0.43
872,Louis,Fox,lfoxo7@cocolog-nifty.com,Portugal,77.247.5.102,-8.55,40.8308,23,0.48
873,Julia,Myers,jmyerso8@bluehost.com,Brazil,96.101.145.211,-48.61139,-27.09028,60,0.41
874,Kelly,Carr,kcarro9@state.gov,Russia,101.237.89.176,43.6275,43.47861,18,0.3
875,Eric,Hawkins,ehawkinsoa@photobucket.com,Sweden,78.92.193.153,11.9668,57.7072,32,0.5
876,Craig,Hunter,chunterob@studiopress.com,China,47.62.156.247,108.79702,37.60157,53,0.47
877,Charles,Kennedy,ckennedyoc@ow.ly,Greece,172.154.173.80,23.06667,40.75,82,0.55
878,Adam,Garrett,agarrettod@dailymail.co.uk,Russia,129.146.44.169,43.92093,43.19055,68,0.5
879,Ryan,Nelson,rnelsonoe@mysql.com,Brazil,31.28.26.72,-42.02944,-20.73306,67,0.28
880,Daniel,Campbell,dcampbellof@yellowpages.com,Poland,22.94.190.99,20.02945,52.49992,82,0.59
881,Keith,Bailey,kbaileyog@php.net,Philippines,66.235.93.84,124.54722,6.58667,97,0.42
882,Harold,Cook,hcookoh@woothemes.com,Yemen,36.3.188.241,45.29962,15.07512,92,0.49
883,Kimberly,Jackson,kjacksonoi@infoseek.co.jp,Greece,51.29.108.22,22.86972,37.81016,76,0.42
884,Henry,Bowman,hbowmanoj@naver.com,Ukraine,165.127.173.227,25.74664,48.37677,22,0.51
885,Earl,Burton,eburtonok@mapquest.com,Brazil,137.236.54.173,-43.14167,-11.08944,57,0.26
886,Stephanie,Willis,swillisol@mac.com,United States,71.13.68.80,-114.9721,35.9279,74,0.6
887,Juan,Baker,jbakerom@businessweek.com,Colombia,40.248.3.72,-76.68859,3.65685,28,0.49
888,Randy,Alexander,ralexanderon@fotki.com,Russia,133.176.177.199,36.87124,52.60968,34,0.52
889,Jane,Phillips,jphillipsoo@accuweather.com,Poland,41.139.20.166,20.02885,49.61455,76,0.58
890,Philip,Lawson,plawsonop@etsy.com,Indonesia,230.25.253.24,111.6003,-7.1291,23,0.5
891,Antonio,Powell,apowelloq@unblog.fr,China,138.209.93.224,115.48257,26.30117,14,0.55
892,Catherine,Armstrong,carmstrongor@yellowpages.com,Russia,44.79.230.194,108.92767,51.15293,28,0.44
893,Nicholas,Henry,nhenryos@google.es,Montenegro,248.62.201.164,18.91417,42.39063,97,0.62
894,Kenneth,Rivera,kriveraot@wisc.edu,Russia,71.214.50.4,61.6092,56.4704,61,0.39
895,Kevin,Graham,kgrahamou@tiny.cc,Thailand,138.160.38.187,101.88467,16.88425,73,0.4
896,Steven,Gonzales,sgonzalesov@booking.com,China,100.134.88.126,106.71667,26.58333,36,0.43
897,Mark,Lee,mleeow@homestead.com,Thailand,226.115.253.246,100.33194,16.98114,11,0.68
898,Julie,Mason,jmasonox@wikia.com,Libya,229.225.235.75,12.72778,32.75222,55,0.46
899,Cynthia,Fernandez,cfernandezoy@newsvine.com,China,159.209.59.28,117.335,39.19361,84,0.67
900,Stephen,Pierce,spierceoz@delicious.com,Cape Verde,68.128.6.239,-24.36667,16.56667,60,0.57
901,George,Jacobs,gjacobsp0@cloudflare.com,Madagascar,152.250.49.68,45.48333,-25.3,57,0.49
902,Dorothy,Rose,drosep1@hhs.gov,Honduras,136.242.255.192,-87.46667,13.76667,20,0.59
903,Mary,Reid,mreidp2@economist.com,Russia,60.21.154.120,91.6875,53.71028,53,0.34
904,Annie,Ford,afordp3@amazon.de,Philippines,158.117.131.223,121.76667,17.33333,59,0.42
905,Gregory,Fields,gfieldsp4@xinhuanet.com,Indonesia,96.26.5.37,108.1902,-7.1508,41,0.51
906,Cynthia,Greene,cgreenep5@hexun.com,Trinidad and Tobago,255.102.219.8,-60.73333,11.18333,65,0.44
907,Pamela,Stephens,pstephensp6@disqus.com,France,109.238.245.108,3.8852,45.0437,69,0.4
908,Jimmy,Kennedy,jkennedyp7@ted.com,Philippines,102.106.16.161,124.69361,6.22,51,0.59
909,Brenda,Frazier,bfrazierp8@timesonline.co.uk,Portugal,233.149.92.174,-9.0333,38.65,61,0.65
910,Antonio,Spencer,aspencerp9@rakuten.co.jp,Thailand,63.218.166.86,98.3981,7.89059,15,0.34
911,Christina,Bishop,cbishoppa@salon.com,Portugal,78.201.116.186,-8.42,41.27,49,0.61
912,Sandra,Patterson,spattersonpb@joomla.org,Colombia,88.112.113.156,-73.4875,4.96417,57,0.57
913,Beverly,Perkins,bperkinspc@apple.com,Syria,254.51.216.127,36.50309,36.08305,42,0.68
914,Mary,Ferguson,mfergusonpd@tmall.com,Chile,180.150.175.55,-72.67027,-38.2496,18,0.45
915,Randy,Snyder,rsnyderpe@state.gov,Chad,239.80.244.153,16.1705,11.4039,19,0.54
916,Stephen,Sanders,ssanderspf@nyu.edu,Indonesia,122.205.125.5,113.7958,-8.1762,86,0.44
917,Nicole,Rice,nricepg@seesaa.net,Brazil,16.137.186.119,-45.0825,-2.52139,82,0.55
918,Jacqueline,Payne,jpayneph@nasa.gov,Philippines,171.21.63.137,121.62674,16.91796,11,0.45
919,Elizabeth,Powell,epowellpi@paginegialle.it,Pakistan,156.61.137.228,69.25199,29.89615,94,0.43
920,William,Chavez,wchavezpj@prnewswire.com,Philippines,50.63.165.255,125,10.9,24,0.37
921,Donna,Bowman,dbowmanpk@gmpg.org,China,248.65.153.192,117.01134,23.99355,64,0.66
922,Charles,Johnson,cjohnsonpl@godaddy.com,Germany,248.122.184.194,10,53.55,34,0.4
923,Charles,Pierce,cpiercepm@nih.gov,China,161.197.103.155,113.36028,24.95694,24,0.41
924,Michael,Lawson,mlawsonpn@i2i.jp,Czech Republic,252.175.29.74,15.9859,50.06601,46,0.41
925,Marie,Porter,mporterpo@wiley.com,Indonesia,97.106.56.102,140.1495,-2.5791,26,0.36
926,Irene,Bishop,ibishoppp@ehow.com,Russia,248.218.111.48,40.57471,57.45881,13,0.52
927,Christine,Gilbert,cgilbertpq@mail.ru,Bhutan,254.89.42.116,89.28074,27.38747,72,0.69
928,Beverly,Fisher,bfisherpr@mtv.com,Croatia,17.107.77.137,16.03917,46.02333,39,0.56
929,Douglas,Garza,dgarzaps@webnode.com,Greece,26.41.175.204,20.86292,39.14417,98,0.66
930,Harold,Alvarez,halvarezpt@mit.edu,Nicaragua,202.11.29.221,-86.2871,13.53166,21,0.5
931,Patrick,Robinson,probinsonpu@histats.com,Indonesia,199.52.163.251,114.1489,-8.0075,35,0.41
932,Harry,Smith,hsmithpv@bing.com,United States,108.221.255.131,-86.293,41.5968,78,0.56
933,Andrea,Peters,apeterspw@mashable.com,Indonesia,201.191.210.223,100.52817,-0.46448,68,0.56
934,Stephen,Woods,swoodspx@dmoz.org,China,189.207.23.220,108.68258,28.7817,88,0.49
935,Stephanie,Day,sdaypy@scientificamerican.com,China,230.255.76.154,81.96667,36.46667,80,0.47
936,Phyllis,Carpenter,pcarpenterpz@dailymail.co.uk,Portugal,109.200.172.108,-8.375,41.5417,47,0.46
937,Albert,Mills,amillsq0@gmpg.org,Venezuela,8.185.104.114,-69.08944,10.02889,70,0.56
938,Walter,Porter,wporterq1@xinhuanet.com,China,26.168.246.152,111.59559,26.4111,10,0.51
939,Ann,Spencer,aspencerq2@statcounter.com,Indonesia,196.16.182.59,111.8356,-6.9789,66,0.52
940,Carolyn,Reed,creedq3@privacy.gov.au,Indonesia,56.8.133.82,115.0928,-8.1095,28,0.53
941,Paula,Ford,pfordq4@smugmug.com,China,234.110.156.108,82.65083,41.34639,47,0.46
942,Gerald,Scott,gscottq5@google.com.hk,Brazil,23.110.127.253,-41.74694,-21.64611,35,0.59
943,Christina,Peterson,cpetersonq6@sogou.com,Sweden,200.23.253.249,12.8622,56.2428,53,0.43
944,Russell,Williams,rwilliamsq7@wikispaces.com,Japan,129.3.145.225,130.55106,33.61561,37,0.62
945,Anne,Sanders,asandersq8@sciencedaily.com,Indonesia,162.68.95.98,113.5947,-8.1445,85,0.43
946,Keith,Mason,kmasonq9@ibm.com,Indonesia,214.110.165.177,98.9465,2.0649,54,0.39
947,Doris,Nguyen,dnguyenqa@yale.edu,Egypt,40.120.135.142,30.93164,30.46579,100,0.57
948,Mildred,Reyes,mreyesqb@friendfeed.com,Indonesia,155.198.178.183,109.03083,-7.70556,34,0.54
949,Wayne,Duncan,wduncanqc@nsw.gov.au,Vietnam,124.46.156.167,108.15815,16.07272,64,0.63
950,Karen,Burns,kburnsqd@shop-pro.jp,Philippines,154.190.157.244,123.9704,10.9054,29,0.43
951,Katherine,Dixon,kdixonqe@newyorker.com,Palestinian Territory,172.11.48.107,35.0936,32.47304,63,0.53
952,Ralph,Howell,rhowellqf@abc.net.au,Vietnam,180.4.3.228,109.16651,13.82738,31,0.57
953,Ruby,Hart,rhartqg@usda.gov,Iran,245.101.71.202,47.1163,38.2472,60,0.42
954,Doris,Bishop,dbishopqh@berkeley.edu,China,14.202.21.0,85.45172,46.80381,91,0.5
955,Laura,Green,lgreenqi@jalbum.net,Tanzania,87.192.106.198,38.73333,-6.7,77,0.59
956,Alan,Parker,aparkerqj@wikia.com,Indonesia,4.169.150.136,113.5583,-7.0497,41,0.63
957,Jennifer,Nguyen,jnguyenqk@123-reg.co.uk,Libya,62.220.164.146,12.52859,32.06329,79,0.36
958,Dennis,Warren,dwarrenql@reference.com,Mexico,55.95.68.185,-97.9647,16.5033,74,0.47
959,William,Parker,wparkerqm@hexun.com,Philippines,82.154.159.234,124.66667,6.44528,11,0.61
960,Julie,Carpenter,jcarpenterqn@google.co.jp,United States,172.248.235.29,-114.9721,35.9279,92,0.57
961,Jeremy,Robinson,jrobinsonqo@purevolume.com,Libya,230.154.55.134,13.35056,32.88167,65,0.53
962,Scott,George,sgeorgeqp@nasa.gov,Russia,27.184.137.190,97.7076,56.9578,10,0.58
963,Louis,Watkins,lwatkinsqq@fc2.com,Germany,18.234.130.201,10.0886,53.6122,97,0.58
964,Andrea,Hayes,ahayesqr@auda.org.au,Indonesia,167.114.235.214,107.0859,-7.2588,65,0.61
965,Melissa,Franklin,mfranklinqs@51.la,Brazil,161.86.141.119,-50.69833,-22.2475,77,0.3
966,Annie,Mitchell,amitchellqt@go.com,Brazil,46.27.154.169,-55.98361,-4.27611,77,0.58
967,Diane,Robertson,drobertsonqu@angelfire.com,Thailand,32.29.134.34,100.20195,8.35109,20,0.53
968,Mary,Daniels,mdanielsqv@nsw.gov.au,Poland,247.245.58.38,22.41932,50.26257,40,0.38
969,Tammy,Montgomery,tmontgomeryqw@free.fr,Peru,183.172.84.237,-74.7,-12.4,57,0.38
970,James,Hernandez,jhernandezqx@biglobe.ne.jp,China,69.56.179.201,112.43476,31.11214,20,0.63
971,Marie,Washington,mwashingtonqy@rambler.ru,Greece,213.204.188.103,25.09277,35.04321,52,0.45
972,Jeremy,Sanders,jsandersqz@tmall.com,United States,47.59.146.132,-118.2987,33.7866,21,0.37
973,Jeffrey,Larson,jlarsonr0@bbc.co.uk,China,108.15.163.36,109.47908,29.99452,38,0.57
974,Ralph,Brown,rbrownr1@tinypic.com,China,189.142.51.56,121.39694,29.85917,65,0.42
975,Patrick,Smith,psmithr2@spotify.com,Guinea,141.162.227.100,-8.63333,8.68333,80,0.61
976,Joshua,West,jwestr3@hp.com,Serbia,141.168.109.96,19.74306,45.294,32,0.69
977,Joe,Wallace,jwallacer4@miibeian.gov.cn,Nigeria,67.197.150.60,11.4944,12.4904,83,0.53
978,Timothy,Boyd,tboydr5@hexun.com,Tunisia,92.136.148.194,8.15549,34.3827,63,0.43
979,Larry,Bennett,lbennettr6@ifeng.com,Latvia,39.213.54.133,27.53723,56.09512,67,0.49
980,Lori,Knight,lknightr7@blogspot.com,Indonesia,239.10.193.158,115.5413,-8.2273,57,0.33
981,Kathleen,Williams,kwilliamsr8@angelfire.com,Costa Rica,50.210.2.133,-84.01326,9.96746,71,0.62
982,Kathryn,Lane,klaner9@netlog.com,China,38.37.7.154,105.89333,34.56861,15,0.51
983,Jane,Warren,jwarrenra@shutterfly.com,New Zealand,186.101.73.103,175.49634,-36.7611,97,0.53
984,Richard,Daniels,rdanielsrb@hatena.ne.jp,Brazil,32.82.19.76,-37.81111,-10.73833,35,0.53
985,Scott,Olson,solsonrc@ucoz.com,Netherlands,162.245.32.125,5.1,52.1167,48,0.54
986,Richard,Montgomery,rmontgomeryrd@csmonitor.com,Brazil,242.55.103.180,-48.77889,-22.19306,97,0.54
987,Bruce,Elliott,belliottre@samsung.com,China,174.110.84.72,96.72098,40.47657,50,0.46
988,Michelle,Palmer,mpalmerrf@1und1.de,Indonesia,129.26.197.55,108.4014,-7.3301,24,0.56
989,Joan,Kim,jkimrg@godaddy.com,Philippines,0.219.151.36,120.4557,15.8127,77,0.61
990,Ernest,Wood,ewoodrh@ebay.com,Honduras,176.198.33.78,-87.35,15.1,93,0.53
991,Sara,Ramirez,sramirezri@earthlink.net,Sweden,228.154.219.24,18.0649,59.3326,79,0.38
992,James,Dunn,jdunnrj@fastcompany.com,China,51.111.161.164,111.54951,29.01573,41,0.6
993,Kathryn,Dunn,kdunnrk@answers.com,Peru,9.146.142.141,-76.70944,-11.94306,53,0.41
994,Joan,Richards,jrichardsrl@phoca.cz,Portugal,168.177.31.140,-8.306,41.5571,28,0.46
995,Anthony,Richards,arichardsrm@arizona.edu,Indonesia,111.225.64.205,121.8889,-10.5971,24,0.36
996,Jean,Payne,jpaynern@bluehost.com,Mexico,191.211.230.212,-92.8938,16.2179,40,0.3
997,Michelle,Murphy,mmurphyro@senate.gov,Croatia,129.124.79.138,15.85,45.78333,87,0.54
998,Joseph,Hill,jhillrp@princeton.edu,Japan,161.176.64.135,139.8,36.41667,50,0.57
999,Roger,Harrison,rharrisonrq@gizmodo.com,Poland,7.194.73.231,20.37415,49.84485,18,0.37
1000,Kelly,Henry,khenryrr@squidoo.com,Indonesia,145.118.102.45,111.4557,-7.2195,83,0.39
